SKU,Nama Barang,SKU GPU
100153,Ayam Boneless Dada,100153
100154,Ayam Boneless Paha,100154
101400,Ayam Ceker S-B Non Kuku,101400
100235,Ayam Fillet Dada,100235
101474,Ayam Karkas,101474
101412,"Ayam Karkas 0,6 - 0,7 kg",101412
100829,"Ayam Karkas 0,8 - 0,9 kg",100829
100018,"Ayam Karkas 0,9 - 1,0 kg",100018
101196,"Ayam Karkas 1,1 kg",101196
101493,"Ayam Karkas 1,3 - 1,4 kg",101493
101032,Ayam Kulit Body,101032
103012,Ayam Parting Dada,103012
103014,Ayam Parting Paha Atas,103014
103010,Ayam Parting Paha Bawah,103010
103011,Ayam Parting Sayap,103011
101404,Bawang Bombay,101404
101210,Bebek Peking 0.9 - 1.0 kg,101210
101097,Broccoli Floret Heibei 1kg,101097
101167,Cumi Ring,101167
101179,Cumi Tube,101179
101214,French Fries Marquise Straight Cut 1 kg,101214
111111,Hampers Lebaran BBQ & grill,111111
222222,Hampers Lebaran Siap Saji,222222
333333,Hampers Lebaran Sultan,333333
444444,Hampers Lebaran Tradisional,444444
100601,Ice Pack,100601
101255,Ikan Cakalang,101255
101405,Ikan Gurame,101405
101256,Ikan Kembung Banjar,101256
101257,Ikan Tenggiri Steak,101257
100812,Karton Besar (53x38),100812
100813,Karton Kecil (34x27),100813
100814,Karton Sedang (38x36),100814
100890,Karton Tokopedia Kecil,100890
101392,McCain Onion Rings 12x907 gr,101392
101262,McCain Redstone Canyon Skin-On Regular Fries 6x2.30 kg,101262
101263,McCain Redstone Canyon Skin-On Waffle Fries 6x2.0 kg,101263
101348,McCain Redstone Canyon Skin-On Wedges 6x2.27 kg,101348
101407,McCain Shoestring Fries 5 X 3kg,101407
101322,McCain Tator Tots 6x2.27 kg,101322
101320,"McCain Triangle Hash Brown Patties 6x2,27 kg",101320
101420,Mixed Paprika Slice 1kg,101420
101030,Mixed Vegetables 4 Ways Heibei 1kg,101030
101952,Paket BBQ NYE Personal,101952
101047,Paket BBQ NYE Hemat Large,101047
101048,Paket BBQ NYE Hemat Extra Large,101048
101049,Paket BBQ NYE Premium Large,101049
101050,Paket BBQ NYE Premium Extra Large,101050
101501,Bundling Paket Bucin 2,101501
101484,Paket Go Cedea 1,101484
101485,Paket Go Cedea 2,101485
101487,Paket Go Kanzler 1,101487
101488,Paket Go Kanzler 2,101488
101486,Paket Go Sumber Selera,101486
444444,Paket Lebaran BBQ & grill,444444
333333,Paket Lebaran Siap Saji,333333
222222,Paket Lebaran Sultan,222222
111111,Paket Lebaran Tradisional,111111
101051,Paket Seafood Reguler Large,101051
100688,Pickup In-Store,100688
100967,Reusable Bag Hijrahfood [Polos],100967
100966,Reusable Bag Hijrahfood [Logo],100966
100956,Reusable Bag Medium,100956
102367,RTL Angus Tomahawk 0.6 Kg,102367
102368,RTL Angus Tomahawk 0.7 Kg,102368
102369,RTL Angus Tomahawk 0.8 Kg,102369
101087,RTL Angus Tomahawk 0.9 kg,101087
101054,RTL Angus Tomahawk 1 kg,101054
101055,RTL Angus Tomahawk 1.1 kg,101055
101056,RTL Angus Tomahawk 1.2 kg,101056
101057,RTL Angus Tomahawk 1.3 kg,101057
101058,RTL Angus Tomahawk 1.4 kg,101058
101059,RTL Angus Tomahawk 1.5 kg,101059
101060,RTL Angus Tomahawk 1.6 kg,101060
101085,RTL Angus Tomahawk 1.7 kg,101085
101317,RTL Angus Tomahawk 1.8 kg,101317
101086,RTL Angus Tomahawk 1.9 kg,101086
101109,RTL Angus Tomahawk 2 kg,101109
101110,RTL Angus Tomahawk 2.2 kg,101110
101430,"RTL Angus Tomahawk Da21 1,1 kg",101430
101434,"RTL Angus Tomahawk Da21 1,5 kg",101434
101393,RTL Ayam Ceker S-B Non Kuku 1000 gr,101393
101205,RTL Ayam Ceker S-B Non Kuku 500 gr,101205
101409,RTL Ayam Karkas 0.6 - 0.7 kg,101409
100831,RTL Ayam Karkas 0.8 - 0.9 kg,100831
100830,RTL Ayam Karkas 1 kg,100830
101475,RTL Ayam Karkas 1.3 - 1.4 Kg,101475
101195,RTL Ayam Karkas 1.0 - 1.1 kg,101195
100595,RTL Bawang Bombay 1000 gr,100595
101068,RTL Bebek Hibrida Utuh 0.9 kg,101068
101069,RTL Bebek Hibrida Utuh 1.3 kg,101069
101208,RTL Bebek Peking Utuh 0.9 - 1.0 kg,101208
101128,RTL Beef Patty 300gr,101128
101251,RTL Beef Strips Stir Fry / Daging Oseng 300 gr,101251
100844,RTL Boneless Dada Ayam 1000 gr,100844
100671,RTL Boneless Dada Ayam 2000 gr,100671
100672,RTL Boneless Dada Ayam 2200 gr,100672
100748,RTL Boneless Dada Ayam 2500 gr,100748
100737,RTL Boneless Paha Ayam 1000 gr,100737
100673,RTL Boneless Paha Ayam 2000 gr,100673
100674,RTL Boneless Paha Ayam 2200 gr,100674
100712,RTL Boneless Paha Ayam 2500 gr,100712
100929,RTL Brisket Bone 1 kg,100929
100944,RTL Brisket Bone 500 gr,100944
101098,RTL Broccoli Floret 500 gr,101098
101416,RTL Chuck Short Rib Galbi 250 gr,101416
101217,RTL Chuck Short Rib Galbi 500 gr,101217
101258,RTL Cumi Flower 1 kg,101258
101259,RTL Cumi Flower 500 gr,101259
100741,RTL Cumi Ring 1000gr,100741
100747,RTL Cumi Ring 500gr,100747
100740,RTL Cumi Tube 1000 gr,100740
101233,RTL CST Oxtail Lokal Premium PF 500 gr,101233
100572,RTL Daging Ayam Giling 500 gr,100572
100968,RTL Daging Brisket Sandung Lamur 1 kg,100968
101020,RTL Daging Brisket Sandung Lamur 500 gr,101020
101341,RTL Daging Giling Value Choice 1000 gr,101341
100201,RTL Daging Giling Reguler 1000 gr,100201
100202,RTL Daging Giling Reguler 500 gr,100202
100203,RTL Daging Giling Spesial 1000 gr,100203
100204,RTL Daging Giling Spesial 500 gr,100204
101516,RTL Daging Giling Spesial Grass-Fed 500 gr,101516
101514,RTL Daging Has Domba Bertulang Aus 500 gr,101514
100208,RTL CST Saikoro Meltique Astro 500 gr,100208
101180,RTL Daging Has Paha Sapi 700 gr,101180
101490,RTL Daging Has Paha Sapi Premium 1000 gr,101490
101491,RTL Daging Has Paha Sapi Premium 500 gr,101491
100486,RTL Daging Has Paha Sapi Premium Lean 1000 gr,100486
100903,RTL Daging Has Paha Sapi Premium Lean 500 gr,100903
101512,RTL Daging Iga Domba Aus 500 gr,101512
101193,RTL Daging Iga Kambing 1000 gr,101193
101170,RTL Daging Kerbau CM-01 1000 gr,101170
100678,RTL Daging Kerbau FQ Slice 900 gr,100678
100225,RTL CST Hati Sapi PF 500 gr,100225
101511,RTL Daging Paha Domba Aus 500 gr,101511
101515,RTL Daging Sapi Muda 1000 gr,101515
100843,RTL Daging Semur 1000gr,100843
100904,RTL Daging Semur 500 gr,100904
101513,RTL Daging Shank Domba Aus 500 gr,101513
100417,RTL Daging Shank Sapi 1000 gr,100417
100418,RTL Daging Shank Sapi 500 gr,100418
100544,RTL Daging Sop 1000 gr,100544
101274,RTL Daging Sop Potong 300 gr,101274
101250,RTL Daging Sop Potong 500 gr,101250
101351,RTL Daging Sop Potong Gulai 300 gr,101351
100733,RTL Daging Tenderloin AUS 200 gr,100733
100220,RTL Daging Tulang Sop 1000 gr,100220
100920,RTL Daging Tulang Sop 500 gr,100920
100657,RTL Fat Sapi 1000 gr,100657
100919,RTL Fat Sapi 500 gr,100919
100876,RTL Fat Trim 250 gr,100876
100247,RTL Hati Sapi 1000 gr,100247
100905,RTL Hati Sapi 500 gr,100905
101245,RTL Ikan Cakalang 900 - 1000 gr,101245
101231,RTL Ikan Dory Fillet 250 gr,101231
101395,RTL Ikan Dory Fillet Premium 1000gr,101395
101396,RTL Ikan Dory Fillet Premium Nbl 1000gr,101396
100290,RTL Ikan Dory Fillet Reguler 1000 gr,100290
100739,RTL Ikan Dory Fillet Reguler Nbl 1000 gr,100739
101232,RTL CST Neck Bone Astro 500 gr,101232
100756,RTL Ikan Gindara Fillet 500gr,100756
101389,RTL Ikan Gurame 400 - 500 gr,101389
101243,RTL Ikan Kembung Banjar 450 - 500 gr,101243
101203,RTL Ikan Salmon Fillet 150gr,101203
100742,RTL Ikan Salmon Fillet 200gr,100742
100743,RTL Ikan Salmon Fillet 250gr,100743
100744,RTL Ikan Salmon Fillet 300gr,100744
101244,RTL Ikan Tenggiri Steak 450 - 500 gr,101244
101253,RTL Ikan Tongkol Deho 450 - 500 gr,101253
100757,RTL Ikan Tuna Fillet 500gr,100757
100542,RTL Jantung Sapi 1000 gr,100542
101242,RTL Karubi US DA14 250 gram,101242
100755,RTL Karubi Wagyu MB 8-9 500 gr,100755
100313,RTL Kikil Bone In 500gr,100313
100798,RTL Konro Besar 1000 gr,100798
101272,RTL Konro Besar 500 gr,101272
100799,RTL Konro Kecil 1000 gr,100799
101273,RTL Konro Kecil 500 gr,101273
101489,RTL Kulit Body Ayam 1000 gr,101489
101034,RTL Kulit Body Ayam 500 gr,101034
101356,RTL Leg Bone 1000 gr,101356
100875,RTL Lidah Bistik 250gr,100875
101223,RTL Lidah Slice 250 gr,101223
100597,RTL Lidah Slice 500 gr,100597
101171,RTL Lidah Utuh 500 gr,101171
100642,RTL Lips Sapi 1000 gr,100642
100722,RTL Meltique Mess 1000 gr,100722
100846,RTL Meltique Steak Mix Cut 1000 gr,100846
101419,RTL Mixed Paprika Slice 500 gr,101419
101031,RTL Mixed Vegetables 4 Ways 500 gr,101031
100993,RTL Natchick Ayam Kampung Utuh 700 gr,100993
100992,RTL Natchick Ayam Kampung Utuh 900 gr,100992
100988,RTL Natchick Telur Ayam Kampung 6pcs,100988
100543,RTL Neck Bone 1000 gr,100543
100902,RTL Neck Bone 500 gr,100902
100895,RTL Oxtail AUS End Cut 500gr,100895
100894,RTL Oxtail AUS Mix Cut 500gr,100894
100385,RTL Oxtail Lokal 1000 gr,100385
101042,RTL Parting Dada Ayam 1kg,101042
101043,RTL Parting Paha Atas Ayam 1kg,101043
101044,RTL Parting Paha Bawah Ayam 1kg,101044
101045,RTL Parting Sayap Ayam 1kg,101045
100396,RTL Paru Sapi 1000 gr,100396
100397,RTL Paru Sapi 500 gr,100397
101465,RTL Picanha Steak AUS grade S 130 gr,101465
101466,RTL Picanha Steak AUS grade S 150 gr,101466
101462,RTL Picanha Steak AUS grade S 180 gr,101462
101463,RTL Picanha Steak AUS grade S 200 gr,101463
101464,RTL Picanha Steak AUS grade S 230 gr,101464
101467,RTL Picanha Steak AUS grade S End Cut 150 gr,101467
101468,RTL Picanha Steak AUS grade S End Cut 180 gr,101468
101469,RTL Picanha Steak AUS grade S End Cut 200 gr,101469
101460,RTL Picanha Steak Wagyu Mb 5 Aus 100 gr,101460
101461,RTL Picanha Steak Wagyu Mb 5 Aus 120 gr,101461
101458,RTL Picanha Steak Wagyu Mb 5 Aus 150 gr,101458
101455,RTL Picanha Steak Wagyu Mb 5 Aus 180 gr,101455
101456,RTL Picanha Steak Wagyu Mb 5 Aus 200 gr,101456
101457,RTL Picanha Steak Wagyu Mb 5 Aus 230 gr,101457
101459,RTL Picanha Steak Wagyu Mb 5 Aus 80 gr,101459
101260,RTL Daging Rendang Potong 1 kg,101260
101413,RTL Daging Rendang Potong 250 gr,101413
101261,RTL Daging Rendang Potong 500 gr,101261
101237,RTL Ribeye Aus Steak Da14 150 gr,101237
101238,RTL Ribeye Aus Steak Da14 170 gr,101238
101340,RTL Ribeye Aus Steak Da14 200 gr,101340
101239,RTL Ribeye Aus Steak Da14 250 gr,101239
100554,RTL Ribeye Meltique Steak 1000 gr,100554
100552,RTL Ribeye Meltique Steak 200 gr,100552
100553,RTL Ribeye Meltique Steak 400 gr,100553
101415,RTL Ribeye Prime Aus Steak 180 gr,101415
101061,RTL Ribeye Prime Aus Steak 200 gr,101061
101063,RTL Ribeye Prime Aus Steak 250 gr,101063
101207,RTL Ribeye Prime Aus Steak 350 gr,101207
101062,RTL Ribeye Prime Aus Steak 400 gr,101062
101421,RTL Ribeye Prime Aus Steak Da14 180 gr,101421
101240,RTL Ribeye Prime Aus Steak Da14 200 gr,101240
101241,RTL Ribeye Prime Aus Steak Da14 250 gr,101241
101270,RTL Ribeye Prime Aus Steak End Cut 200 gr,101270
101271,RTL Ribeye Prime Aus Steak End Cut 250 gr,101271
101344,RTL Ribeye Steak AUS 180 gr,101344
100983,RTL Ribeye Steak AUS 200 gr,100983
101345,RTL Ribeye Steak AUS 230 gr,101345
101361,RTL Ribeye Steak AUS 250 gr,101361
100982,RTL Ribeye Steak AUS 400 gr,100982
100015,RTL CST Daging Semur Potong OSV 250 gr,100015
101358,RTL Ribeye Steak AUS End Cut 160 gr,101358
101359,RTL Ribeye Steak AUS End Cut 180 gr,101359
101360,RTL Ribeye Steak AUS End Cut 200 gr,101360
101362,RTL Ribeye Steak AUS End Cut 250 gr,101362
101228,RTL Ribeye US Choice Steak 200 gr,101228
100728,RTL Ribeye US Choice Steak 230 gr,100728
100729,RTL Ribeye US Choice Steak 250 gr,100729
100730,RTL Ribeye US Choice Steak 270 gr,100730
100731,RTL Ribeye US Choice Steak 290 gr,100731
101442,RTL Ribeye US Choice Steak DA21 180 gr,101442
101425,RTL Ribeye US Choice Steak DA21 200 gr,101425
101426,RTL Ribeye US Choice Steak DA21 230 gr,101426
101423,RTL Ribeye US Choice Steak DA21 250 gr,101423
101424,RTL Ribeye US Choice Steak DA21 270 gr,101424
101427,RTL Ribeye US Choice Steak DA21 290 gr,101427
100732,RTL Ribeye US Choice Steak End Cut 100 gr,100732
100752,RTL Ribeye US Choice Steak End Cut 150 gr,100752
101449,RTL Ribeye US Choice Steak End Cut 180 gr,101449
100735,RTL Ribeye US Choice Steak End Cut 200 gr,100735
101249,RTL Ribeye US Choice Steak End Cut 230 gr,101249
101226,RTL Ribeye US Choice Steak End Cut 250 gr,101226
101227,RTL Ribeye US Choice Steak End Cut 270 gr,101227
101248,RTL Ribeye US Choice Steak End Cut 290 gr,101248
101444,RTL Ribeye US Choice Steak End Cut Da21 150 gr,101444
101443,RTL Ribeye US Choice Steak End Cut Da21 270 gr,101443
101013,RTL Ribeye US Prime Steak 200 gr,101013
101014,RTL Ribeye US Prime Steak 230 gr,101014
101015,RTL Ribeye US Prime Steak 250 gr,101015
101016,RTL Ribeye US Prime Steak 280 gr,101016
101017,RTL Ribeye US Prime Steak 300 gr,101017
101018,RTL Ribeye US Prime Steak 340 gr,101018
101019,RTL CST Daging Rendang Potong OSV 250 gr,101019
100652,RTL Ribeye Wagyu Mb6+ 200gr,100652
100653,RTL Ribeye Wagyu Mb6+ 230gr,100653
100654,RTL Ribeye Wagyu Mb6+ 250gr,100654
100655,RTL Ribeye Wagyu Mb6+ 270gr,100655
100656,RTL Ribeye Wagyu Mb6+ 290gr,100656
100551,RTL Saikoro Meltique Beef 1000 gr,100551
100549,RTL Saikoro Meltique Beef 250 gr,100549
100550,RTL Saikoro Meltique Beef 500 gr,100550
101108,RTL Saikoro Wagyu A5 200gr,101108
101386,RTL Seafood Lovers Udang Kupas Premium 400 gr,101386
101129,RTL Topside Steak Wagyu MB 8-9 150 gr,101129
101130,RTL Topside Steak Wagyu MB 8-9 180 gr,101130
101126,RTL Topside Steak Wagyu MB 8-9 200 gr,101126
101131,RTL Topside Steak Wagyu MB 8-9 230 gr,101131
101132,RTL Topside Steak Wagyu MB 8-9 250 gr,101132
102219,RTL Topside Steak Wagyu MB 6-7 150 gr,102219
102220,RTL Topside Steak Wagyu MB 6-7 180 gr,102220
101134,RTL Topside Steak Wagyu MB 6-7 200 gr,101134
101338,[FREE GOODS] RTLP Mamasuka Rumput Laut Panggang Ghost Pepper Bundle 2x4.5 gr,101338
101339,[FREE GOODS] RTLP Mamasuka Rumput Laut Panggang Jagung Bakar Bundle 2x4.5 gr,101339
100658,RTL Serbuk Dmm 1000 gr,100658
101352,RTL Shitake Mushroom Slice 500gr,101352
100212,RTL Short Rib Besar 1000 gr,100212
100841,RTL Short Rib Besar 500 gr,100841
101509,RTL Short Rib Galbi Us Choice 250 gr,101509
100719,RTL Short Rib Galbi Us Choice 500 gr,100719
100708,RTL Short Rib Kecil 1000 gr,100708
100842,RTL Short Rib Kecil 500 gr,100842
101234,RTL Sirloin AUS Steak DA14 170 gr,101234
101235,RTL Sirloin AUS Steak DA14 200 gr,101235
101236,RTL Sirloin AUS Steak DA14 250 gr,101236
101254,RTL Sirloin AUS Steak DA14 300 gr,101254
100605,RTL Sirloin Hokubee 1000 gr,100605
100753,RTL Sirloin Hokubee 200 gr,100753
100602,RTL Sirloin Hokubee 400 gr,100602
100557,RTL Sirloin Meltique Steak 1000 gr,100557
100555,RTL Sirloin Meltique Steak 200 gr,100555
100556,RTL Sirloin Meltique Steak 400 gr,100556
100419,RTL Sirloin Regular 500 gr,100419
101507,RTL Sirloin Steak AUS 150 gr,101507
101342,RTL Sirloin Steak AUS 180 gr,101342
100985,RTL Sirloin Steak AUS 200 gr,100985
101343,RTL Sirloin Steak AUS 230 gr,101343
101093,RTL Sirloin Steak AUS 250 gr,101093
100984,RTL Sirloin Steak AUS 400 gr,100984
100016,RTL Sirloin Steak AUS 500 gr,100016
101372,RTL Sirloin Steak AUS End Cut 160 gr,101372
101373,RTL Sirloin Steak AUS End Cut 180 gr,101373
101374,RTL Sirloin Steak AUS End Cut 200 gr,101374
101397,RTL Sirloin Steak AUS End Cut 250 gr,101397
101078,RTL Sirloin US Choice Steak 200 gr,101078
100998,RTL Sirloin US Choice Steak 220 gr,100998
100999,RTL Sirloin US Choice Steak 250 gr,100999
101000,RTL Sirloin US Choice Steak 280 gr,101000
101001,RTL Sirloin US Choice Steak 310 gr,101001
101229,RTL Sirloin US Choice Steak End Cut 170 gr,101229
101246,RTL Sirloin US Choice Steak End Cut 200 gr,101246
101230,RTL Sirloin US Choice Steak End Cut 250 gr,101230
101247,RTL Sirloin US Choice Steak End Cut 280 gr,101247
100823,RTL Suki Rib Cap 500gr,100823
100896,RTL Slice AUS Shortplate 250 gr,100896
100706,RTL Slice AUS Shortplate 500 gr,100706
100687,RTL Slice Brisket 500 gr,100687
100860,RTL Slice Chuck Crest 500gr,100860
100675,RTL Slice Ekonomis Less Fat 500 gr,100675
100836,RTL Slice Ekonomis Fatty 500 gr,100836
100217,RTL Slice Less Fat 250 gr,100217
100580,RTL Slice Less Fat 500 gr,100580
101252,RTL Slice Shabu Less Fat 500 gr,101252
100612,RTL Slice Sirloin 500gr,100612
100926,RTL Slice Tenderloin 250gr,100926
100924,RTL Slice US Prime 250 gr,100924
100790,RTL Slice US Shortplate 250 gr,100790
100545,RTL Slice US Shortplate 500 gr,100545
101004,RTL Sumsum Bone Marrow 250 gr,101004
101005,RTL Sumsum Bone Marrow 300 gr,101005
101006,RTL Sumsum Bone Marrow 350 gr,101006
101007,RTL Sumsum Bone Marrow 400 gr,101007
101011,RTL Sumsum Bone Marrow Pcs 500gr,101011
100608,RTL Tenderloin Meltique 1000 gr,100608
100832,RTL Tenderloin Meltique 200 gr,100832
100607,RTL Tenderloin Meltique 400 gr,100607
100963,RTL Tenderloin Regular 250 gr,100963
100437,RTL Tenderloin Regular 500 gr,100437
101494,RTL Tenderloin Steak AUS 150 gr,101494
101495,RTL Tenderloin Steak AUS 180 gr,101495
100987,RTL Tenderloin Steak AUS 200 gr,100987
100986,RTL Tenderloin Steak AUS 400 gr,100986
100017,RTL Tenderloin Steak AUS 500 gr,100017
101496,RTL Tenderloin Steak AUS Fillet Mignon 130 gr,101496
101497,RTL Tenderloin Steak AUS Fillet Mignon 150 gr,101497
100564,RTL Trimming Slice 250 gr,100564
100214,RTL Tulang Sop 1000 gr,100214
100918,RTL Tulang Sop 500 gr,100918
101009,RTL Udang Vaname Tail Off 51/60 500gr,101009
100749,RTL Udang Vaname Tail On 71/90 1000gr,100749
100750,RTL Udang Vaname Tail On 71/90 500gr,100750
100683,RTL Urat Mayang 1000 gr,100683
100955,RTL Urat Mayang 500 gr,100955
100921,RTL US Prime Secondary Steak 200gr,100921
100922,RTL US Prime Secondary Steak 400gr,100922
100923,RTL US Prime Secondary Steak End Cut 200gr,100923
101035,RTL US Prime Secondary Steak End Cut 400gr,101035
101012,RTL Yakiniku Wagyu A5 200 gr,101012
101211,RTLP ABC Kecap Inggris 195 ml,101211
101212,RTLP ABC Minyak Wijen 195 ml,101212
101025,RTLP Anchor Butter Minidis Salted 7 gr X 10 Pcs,101025
100945,RTLP Anchor Butter Minidis Unsalted 7 gr X 10 Pcs,100945
100898,RTLP Anchor Butter Pats Salted 227 gr,100898
100897,RTLP Anchor Butter Pats Unsalted 227 gr,100897
100900,RTLP Anchor Butter Tin Salted 454 gr,100900
101410,RTLP Aqua Mineral Water 600 ml,101410
101067,RTLP Bakso Sumber Selera Filling Keju,101067
100851,RTLP Bakso Sumber Selera Polos 50 Pcs,100851
100848,RTLP Bakso Sumber Selera SB Premium 25 Pcs,100848
100847,RTLP Bakso Sumber Selera SB Premium 50 Pcs,100847
100850,RTLP Bakso Sumber Selera SB Serbaguna 25 Pcs,100850
100849,RTLP Bakso Sumber Selera SB Serbaguna 50 Pcs,100849
100852,RTLP Bakso Sumber Selera Urat 20 Pcs,100852
101138,RTLP Bamboe Bumbu Ayam Goreng 33 gr,101138
101139,RTLP Bamboe Bumbu Ayam Goreng Kalasan 55 gr,101139
101140,RTLP Bamboe Bumbu Ayam Kecap 70 gr,101140
101141,RTLP Bamboe Bumbu Bali 49 gr,101141
101142,RTLP Bamboe Bumbu Empal 72 gr,101142
101143,RTLP Bamboe Bumbu Gule 35 gr,101143
101144,RTLP Bamboe Bumbu Kare 36 gr,101144
101145,RTLP Bamboe Bumbu Nasi Goreng 40 gr,101145
101146,RTLP Bamboe Bumbu Opor 36 gr,101146
101147,RTLP Bamboe Bumbu Rawon 54 gr,101147
101148,RTLP Bamboe Bumbu Rendang 35 gr,101148
101149,RTLP Bamboe Bumbu Sambal Goreng Ati 54 gr,101149
101150,RTLP Bamboe Bumbu Saus Asam Manis 80 gr,101150
101151,RTLP Bamboe Bumbu Saus Lemon 60 gr,101151
101152,RTLP Bamboe Bumbu Semur 69 gr,101152
101153,RTLP Bamboe Bumbu Sop 49 gr,101153
101154,RTLP Bamboe Bumbu Soto Ayam 40 gr,101154
101155,RTLP Bamboe Bumbu Soto Betawi 65 gr,101155
101156,RTLP Bamboe Bumbu Soto Madura 40 gr,101156
101157,RTLP Bamboe Bumbu Tom Yum 60 gr,101157
101158,RTLP Bamboe Bumbu Tongseng 80 gr,101158
101176,RTLP Barco Minyak Goreng Kelapa Pouch 1 L,101176
101225,RTLP Barco Minyak Goreng Kelapa Pouch 2 L,101225
101163,RTLP Bernardi Roti Burger Wijen 6 Pcs,101163
100906,RTLP Borges Extra Light Olive Oil 250 ml,100906
101390,RTLP Borges Extra Light Olive Oil 500 ml,101390
100907,RTLP Borges Extra Virgin Olive Oil 250 ml,100907
101394,RTLP Borges Extra Virgin Olive Oil 500 ml,101394
101503,RTLP Boss Sosis Keju Mini 550 gr,101503
101504,RTLP Boss Sosis Lada Hitam Mini 550 gr,101504
101502,RTLP Boss Sosis Original Mini 550 gr,101502
101363,RTLP Bumifood Crispy Mix Seafood 210 gr,101363
101364,RTLP Bumifood Hakau 222gr,101364
101365,RTLP Bumifood Lumpia Ayam 210 gr,101365
101366,RTLP Bumifood Martabak Ayam 222gr,101366
101367,RTLP Bumifood Samosa 144 gr,101367
100917,RTLP Cedea Baso Ikan Besar 500 gr,100917
101200,RTLP Cedea Baso Udang 500 gr,101200
100615,RTLP Cedea Chikuwa 1kg,100615
100908,RTLP Cedea Chikuwa 250 gr,100908
100627,RTLP Cedea Crab Stick 1kg,100627
100909,RTLP Cedea Crab Stick 250 gr,100909
100617,RTLP Cedea Dumpling Swiekiau 500gr,100617
100614,RTLP Cedea Fish Ball Tr 1kg,100614
100628,RTLP Cedea Fish Dumpling Cheese 500gr,100628
100911,RTLP Cedea Fish Dumpling Chicken 500 gr,100911
100684,RTLP Cedea Fish Roll 1kg,100684
101218,RTLP Cedea Fish Roll 250 gr,101218
100915,RTLP Cedea Fish Roll 500 gr,100915
100912,RTLP Cedea Fried Fish Cake Spore 500 gr,100912
100913,RTLP Cedea Nugget Kepiting 500 gr,100913
100613,RTLP Cedea Otak-Otak Singapore 1 kg,100613
101473,RTLP Cedea Premium Salmon Sausage 390 gr,101473
100914,RTLP Cedea Salmon Ball 500 gr,100914
100616,RTLP Cedea Seafood Tofu 500 gr,100616
100840,RTLP Cedea Steamboat Set 500 gr,100840
100916,RTLP Cedea Steamboat Tom Yum 300 gr,100916
100910,RTLP Cedea Tahu Baso Seafood 500 gr,100910
100962,RTLP Diamond Milk UHT Chocolate 1 L,100962
100960,RTLP Diamond Milk UHT Chocolate 200 ml,100960
100961,RTLP Diamond Milk UHT Full Cream 1 L,100961
100959,RTLP Diamond Milk UHT Full Cream 200 ml,100959
100981,RTLP Diamond Milk UHT Strawberry 200 ml,100981
101095,RTLP Dua Belibis Saus Cabe 135 ml,101095
101096,RTLP Dua Belibis Saus Cabe 535 ml,101096
100589,RTLP Elprimo Bakso Sapi Super 750 gr,100589
100670,RTLP Elprimo Beef Pepperoni Pre-Sliced 500 gr,100670
100666,RTLP Elprimo Beef Rasher Pre-Sliced 500 gr,100666
101499,RTLP Elprimo Pastrami Pre-Sliced 500 gr,101499
100665,RTLP Elprimo Smoked Beef Pre-Sliced 500 gr,100665
101498,RTLP Elprimo Smoked Brisket Pre-Sliced 500 gr,101498
100590,RTLP Elprimo Smoked Shortplate 500 gr,100590
100586,RTLP Elprimo Sosis Ayam Breakfast 1000gr,100586
100588,RTLP Elprimo Sosis Ayam Cheese 1000gr,100588
100585,RTLP Elprimo Sosis Sapi Breakfast 1000 gr,100585
100587,RTLP Elprimo Sosis Sapi Cheese 1000 gr,100587
100786,RTLP Green Valley grated Parmesan Cheese 80gr,100786
101280,RTLP Greenfields Fresh Milk Chocomalt 1000 ml,101280
101279,RTLP Greenfields Fresh Milk Full Cream 1000 ml,101279
101281,RTLP Greenfields Fresh Milk Lowfat Mochaccino 1000 ml,101281
101282,RTLP Greenfields Fresh Milk Strawberry 1000 ml,101282
101295,RTLP Greenfields Stirred Yogurt Blueberry 500gr,101295
101313,RTLP Greenfields Stirred Yogurt Blueberry Mp4 - 125gr (Satuan),101313
101290,RTLP Greenfields Stirred Yogurt Blueberry Mp4 4x125gr,101290
101315,RTLP Greenfields Stirred Yogurt Mango Peach Mp4 - 125gr (Satuan),101315
101292,RTLP Greenfields Stirred Yogurt Mango Peach Mp4 4x125gr,101292
101316,RTLP Greenfields Stirred Yogurt Mixed Berry Mp4 - 125gr (Satuan),101316
101293,RTLP Greenfields Stirred Yogurt Mixed Berry Mp4 4x125gr,101293
101294,RTLP Greenfields Stirred Yogurt Original 500gr,101294
101312,RTLP Greenfields Stirred Yogurt Original Mp4 - 125gr (Satuan),101312
101289,RTLP Greenfields Stirred Yogurt Original Mp4 4x125gr,101289
101314,RTLP Greenfields Stirred Yogurt Strawberry Mp4 - 125gr (Satuan),101314
101291,RTLP Greenfields Stirred Yogurt Strawberry Mp4 4x125gr,101291
101445,RTLP Greenfields UHT Choco Malt 1000 ml,101445
101336,RTLP Greenfields UHT Choco Malt 200 ml,101336
101333,RTLP Greenfields UHT Full Cream 1000 ml,101333
101335,RTLP Greenfields UHT Fullcream 200 ml,101335
101334,RTLP Greenfields UHT Low Fat 1000 ml,101334
101337,RTLP Greenfields UHT Strawberry 200 ml,101337
101288,RTLP Greenfields Yogurt Drink Blueberry 250 ml,101288
101285,RTLP Greenfields Yogurt Drink Lychee 250 ml,101285
101286,RTLP Greenfields Yogurt Drink Mango 250 ml,101286
101283,RTLP Greenfields Yogurt Drink Mixed Fruit 250 ml,101283
101287,RTLP Greenfields Yogurt Drink Peach 250 ml,101287
101284,RTLP Greenfields Yogurt Drink Strawberry 250 ml,101284
101052,RTLP Heinz Saus Mangga 325 gr,101052
100958,RTLP Heinz Saus Sambal Pedas 320 gr,100958
100957,RTLP Heinz Saus Tomat 325 gr,100957
100760,RTLP Jays Barbeque Sauce Original 500 gr,100760
100772,RTLP Jays Beef Stock 150 gr,100772
100773,RTLP Jays Chicken Stock 150 gr,100773
101330,RTLP Jays Chili Flakes 45 gr,101330
100771,RTLP Jays Crushed Blackpepper 60 gr,100771
100766,RTLP Jays Garlic Powder 80 gr,100766
100775,RTLP Jays Magic Dry Rub Chicken 70 gr,100775
100776,RTLP Jays Magic Dry Rub Ribs 70 gr,100776
100777,RTLP Jays Magic Dry Rub Seafood 60 gr,100777
100774,RTLP Jays Magic Dry Rub Steak 70 gr,100774
100761,RTLP Jays Marinade Mix Classic BBQ 30 gr,100761
100763,RTLP Jays Marinade Mix Italian grill 30 gr,100763
100764,RTLP Jays Marinade Mix Rottiserie 30 gr,100764
100762,RTLP Jays Marinade Mix Spicy BBQ 30 gr,100762
100759,RTLP Jays Mashed Potato Garlic & Parsley 45 gr,100759
101327,RTLP Jays Mushroom Stock 200 gr,101327
100767,RTLP Jays Oregano Leaves 25 gr,100767
101329,RTLP Jays Paprika Powder 70 gr,101329
100768,RTLP Jays Parsley Flakes 20 gr,100768
100769,RTLP Jays Rosemary Leaves 40 gr,100769
100779,RTLP Jays Sea Salt Black Pepper 120 gr,100779
100778,RTLP Jays Sea Salt Garlic 120 gr,100778
101369,RTLP Jays Seasoning & Spice Blend Aglio 30 gr,101369
101368,RTLP Jays Seasoning & Spice Blend Cajun 30 gr,101368
101332,RTLP Jays Seasoning & Spice Blend Carbonara 30 gr,101332
101331,RTLP Jays Seasoning & Spice Blend Tandoori 30 gr,101331
100765,RTLP Jays Seasoning Mix Burger 20 gr,100765
101328,RTLP Jays Sesame Seed 70 gr,101328
100782,RTLP Jays Steak Sauce Blackpepper 25 gr,100782
100780,RTLP Jays Steak Sauce Brown gravy 25 gr,100780
100784,RTLP Jays Steak Sauce Demiglace 25 gr,100784
100783,RTLP Jays Steak Sauce Mushroom gravy 25 gr,100783
100781,RTLP Jays Steak Sauce Rosemary Garlic 25 gr,100781
100770,RTLP Jays Thyme Leaves 27 gr,100770
101297,RTLP Kanzler Beef Black Pepper Frankfuter 300 gr,101297
101411,RTLP Kanzler Beef Cocktail 250 gr,101411
101301,RTLP Kanzler Beef Cocktail 500 gr,101301
101302,RTLP Kanzler Cheese Cocktail 500 gr,101302
101298,RTLP Kanzler Cheese Frankfuter 360 gr,101298
101311,RTLP Kanzler Chicken Cordon Bleu 300 gr,101311
101303,RTLP Kanzler Crispy Chicken Nugget 450 gr,101303
101299,RTLP Kanzler Garlic Frankfurter 300 gr,101299
101300,RTLP Kanzler German Bratwurst 360 gr,101300
101304,RTLP Kanzler Original Premium Chicken Nugget 450 gr,101304
101305,RTLP Kanzler Singles Baso Keju 48 gr,101305
101306,RTLP Kanzler Singles Baso Original 48 gr,101306
101307,RTLP Kanzler Singles Hot 65 gr,101307
101308,RTLP Kanzler Singles Keju 65 gr,101308
101309,RTLP Kanzler Singles Mini Cocktail 65 gr,101309
101310,RTLP Kanzler Singles Original 65 gr,101310
101422,RTLP Kanzler Smoked Beef 250 gr,101422
101178,RTLP Kara Santan Kelapa 200 ml,101178
101215,RTLP Kentang Marquise Shoestring 1 kg,101215
101216,RTLP Kentang Marquise Straight Cut 1 kg,101216
101265,RTLP Kentang McCain Criss Cut Skin On Seasoned 500 gr,101265
101264,RTLP Kentang McCain Regular Cut Skin On Seasoned 1 kg,101264
101267,RTLP Kentang McCain Regular Cut Skin On Seasoned 500 gr,101267
101408,RTLP Kentang McCain Shoestring 1 kg,101408
100795,RTLP Kewpie Cooking Sauce Cheese Mayo 1kg,100795
100927,RTLP Kewpie Cooking Sauce Mentai Mayo 1kg,100927
100925,RTLP Kewpie Cooking Sauce Roasted Sesame Mayo 1kg,100925
100938,RTLP Kewpie Mayonaise Original 150 gr,100938
100792,RTLP Kewpie Mayonaise Original 1kg,100792
100796,RTLP Kewpie Nanban Sauce 1.2kg,100796
100800,RTLP Kewpie Salad Dressing Caesar 1l,100800
100942,RTLP Kewpie Salad Dressing Caesar 200ml,100942
100793,RTLP Kewpie Salad Dressing Roasted Sesame 1l,100793
100939,RTLP Kewpie Salad Dressing Roasted Sesame 200 ml,100939
100940,RTLP Kewpie Salad Dressing Soy Sauce 200ml,100940
100943,RTLP Kewpie Salad Dressing Spicy Tomato 200ml,100943
100794,RTLP Kewpie Salad Dressing Thousand Island 1l,100794
100941,RTLP Kewpie Salad Dressing Thousand Island 200ml,100941
100797,RTLP Kewpie Tartar Sauce 1L,100797
101505,RTLP Kibif Bakso Sapi Regular 600 gr,101505
100861,RTLP Kikkoman Barbeque Sauce,100861
100862,RTLP Kikkoman Black Pepper Teriyaki Sauce,100862
100699,RTLP Kikkoman Bulgogi Sauce,100699
100698,RTLP Kikkoman Garlic Teriyaki Sauce,100698
100700,RTLP Kikkoman Gochujang Sauce,100700
100697,RTLP Kikkoman Japanese Soy Sauce,100697
100868,RTLP Kikkoman Japanese Sweet Cooking Sauce,100868
100865,RTLP Kikkoman Katsu Sauce,100865
100867,RTLP Kikkoman Ponzu Sauce,100867
100866,RTLP Kikkoman Yakiniku Sauce,100866
101391,RTLP Kimbo Jumbo Sosis Original 500 gr,101391
101278,RTLP Kimbo Mini Sosis Cocktail 450 gr,101278
101275,RTLP Kimbo Mini Sosis Keju 500 gr,101275
101276,RTLP Kimbo Mini Sosis Lada Hitam 500 gr,101276
101277,RTLP Kimbo Mini Sosis Original 500 gr,101277
100995,RTLP King's Fisher Sarden Saus Sambal 155 gr,100995
100996,RTLP King's Fisher Sarden Saus Tomat 155 gr,100996
100997,RTLP King's Fisher Tuna Chunck In Brine 170 gr,100997
101002,RTLP King's Fisher Tuna Chunck In Oil 170 gr,101002
101003,RTLP King's Fisher Tuna Hot Spicy 170 gr,101003
101115,RTLP Lafonte Elbow Macaroni 225 gr,101115
101113,RTLP Lafonte Fettucine 225 gr,101113
101120,RTLP Lafonte Lasagna 230 gr,101120
101118,RTLP Lafonte Saus Pasta Bolognese 315 gr,101118
101112,RTLP Lafonte Spaghetti 225 gr,101112
101116,RTLP Lafonte Spaghetti Saus Bolognese 117 gr,101116
101117,RTLP Lafonte Spaghetti Saus Jamur 117 gr,101117
101114,RTLP Lafonte Spiral Macaroni 225 gr,101114
101041,RTLP Lee Kum Kee Pure Sesame Oil 207 ml,101041
101041,RTLP Lee Kum Kee Pure Sesame Oil 207 ml,101041
101268,RTLP Master Gourmet Dairy & Cooking Mix Cream 1 L,101268
101376,RTLP McCain Onion Rings 450 gr,101376
101325,RTLP McCain Puree Mashed Potatoes 500 gr,101325
101324,RTLP McCain Tator Tots 500 gr,101324
101326,RTLP McCain Triangle Hash Brown Patties 500 gr,101326
101353,RTLP McCain Wedges Seasoned 1 kg,101353
101354,RTLP McCain Wedges Seasoned 500 gr,101354
100932,RTLP MEG Cheddar 165 gr,100932
100934,RTLP MEG Cheddar Slice 20s BBQ,100934
100933,RTLP MEG Cheddar Slice 8s,100933
100931,RTLP MEG Cheddar Slice Melt 10s,100931
101377,RTLP Metzger Herb & Garlic Butter Cup 20 gr,101377
101378,RTLP Metzger Herb & Garlic Butter Roll 150 gr,101378
100980,RTLP MyTaste Bakso Kuah 8 gr Sachet,100980
100636,RTLP MyTaste Barbeque Sauce 500 gr,100636
100704,RTLP MyTaste Barbeque Seasoning 100gr,100704
101046,RTLP MyTaste Black Pepper Sauce 25gr,101046
100637,RTLP MyTaste Black Pepper Sauce 500 gr,100637
100936,RTLP MyTaste Bolognaise Sauce 100 gr,100936
100640,RTLP MyTaste Bolognaise Sauce 500 gr,100640
100937,RTLP MyTaste Cheese Sauce 100 gr,100937
100727,RTLP MyTaste Cheese Sauce 500 gr,100727
100703,RTLP MyTaste Cheese Seasoning 100gr,100703
100976,RTLP MyTaste Chilli Sauce 500 gr,100976
101107,RTLP Dua Belibis Saus Cabe 235 ml,101107
100638,RTLP MyTaste Mushroom Sauce 500 gr,100638
100978,RTLP MyTaste Seafood Sauce 175 gr Jar,100978
100785,RTLP MyTaste Spicy Barbeque Level 3 Sauce 500gr,100785
100723,RTLP MyTaste Spicy Barbeque Level 2 Sauce 500gr,100723
100979,RTLP MyTaste Tepung Serbaguna 210 gr,100979
100639,RTLP MyTaste Teriyaki Sauce Reg 500 gr,100639
100975,RTLP MyTaste Thai Chicken Sauce 500 gr,100975
100977,RTLP MyTaste Xo Sauce 175 gr Jar,100977
100989,RTLP Natchick Ayam Betutu 400 gr,100989
100991,RTLP Natchick Ayam Goreng 400 gr,100991
100990,RTLP Natchick Ayam Kalasan 400 gr,100990
101104,RTLP Oppa Oppa Kimchi 200 gr,101104
101106,RTLP Oppa Oppa Saus Ayam Madu 250 gr,101106
101105,RTLP Oppa Oppa Saus Bulgogi 250 gr,101105
100952,RTLP Perfetto Keju Mozzarella 250 gr,100952
100951,RTLP Pronas Abon Sapi Bawang Pouch 100 gr,100951
100949,RTLP Pronas Abon Sapi Original Pouch 100 gr,100949
100950,RTLP Pronas Abon Sapi Pedas Pouch 100 gr,100950
100946,RTLP Pronas Corned Beef Can 198 gr,100946
100947,RTLP Pronas Corned Beef Can 340 gr,100947
100948,RTLP Pronas Corned Chicken Can 198 gr,100948
100972,RTLP Queen Food Cheesy Stick 310 gr,100972
100974,RTLP Queen Food Chicken Cordon Bleu 340 gr,100974
100973,RTLP Queen Food Chicken Katsu Kecil 350 gr,100973
101082,RTLP Queen Food Dimsum Hakau 170 gr,101082
101084,RTLP Queen Food Dimsum Mix 236 gr,101084
101081,RTLP Queen Food Dimsum Udang Mayo 225 gr,101081
101099,RTLP Queen Food Dory Katsu 350 gr,101099
100971,RTLP Queen Food Egg Chicken Roll 350 gr,100971
101103,RTLP Queen Food Kani Roll 200 gr,101103
101083,RTLP Queen Food Lumpia Kulit Tahu 180 gr,101083
101100,RTLP Queen Food Sayap Isi 425 gr,101100
100969,RTLP Queen Food Shrimp Roll 340 gr,100969
101080,RTLP Queen Food Siomay Ayam 360 gr,101080
100970,RTLP Queen Food Tori Egg Roll 400 gr,100970
101159,RTLP Remia BBQ American Garlic Sauce 450 ml,101159
101160,RTLP Remia BBQ Smokey Honey Sauce 450 ml,101160
101161,RTLP Remia Mustard Mourtade De Dijon Glas 370 gr,101161
101162,RTLP Remia Smokey BBQ Sauce 450 ml,101162
100869,RTLP Rempa Food Ayam Goreng 800 gr,100869
100870,RTLP Rempa Food Bebek Goreng 720 gr,100870
100871,RTLP Rempa Food Empal Gepuk 200 gr,100871
100873,RTLP Rempa Food Paru 400 gr,100873
100872,RTLP Rempa Food Rendang 250 gr,100872
100874,RTLP Rempa Food Semur 300 gr,100874
101383,RTLP Seafood Lovers Bakso Ikan Premium 250 gr,101383
101384,RTLP Seafood Lovers Bakso Udang 250 gr,101384
101380,RTLP Seafood Lovers Ebi Fry 285 G,101380
101385,RTLP Seafood Lovers Otak-Otak 250 gr,101385
101381,RTLP Seafood Lovers Pempek 250 gr,101381
101379,RTLP Seafood Lovers Shrimp Popcorn 160 gr,101379
101387,RTLP Seafood Lovers Shrimp Tempura 240g,101387
101382,RTLP Seafood Lovers Siomay Ikan 250 gr,101382
101388,RTLP Seafood Lovers Siomay Udang 250gr,101388
101418,RTLP Sosro Teh Botol Less Sugar Pet 350 ml,101418
101417,RTLP Sosro Teh Botol Pet 350 ml,101417
100879,RTLP Sunny Gold Chicken Tempura 500 gr,100879
100880,RTLP Sunny Gold Chicken Wings 500 gr,100880
100877,RTLP Sunny Gold Karage 500 gr,100877
100878,RTLP Sunny Gold Nugget Original 500 gr,100878
101296,RTLP Sunny Gold Nugget Pop 440 gr,101296
100881,RTLP Sunny Gold Tulip Wings 500 gr,100881
100892,RTLP Unagi Kabayaki 143 gr,100892
100893,RTLP Unagi Kabayaki 200 gr,100893
100680,RTLP Warasa Curry,100680
100679,RTLP Warasa Konbutsuyu,100679
100681,RTLP Warasa Shabu,100681
100682,RTLP Warasa Sukiyaki,100682
100705,Same Day Flate Rate - Bandung,100705
100416,Serbuk Daging,100416
101347,Shitake Mushroom Slice Heibei 1kg,101347
100609,Styrofoam Kecil,100609
100599,Styrofoam Sedang,100599
101518,RTLP Cedea Magic Bomb 450 gr,101518
101521,RTLP Cedea Baso Ikan Sayuran 500 gr,101521
101522,RTLP Cedea Ebi Furai 230 gr,101522
101523,RTLP Cedea Salmon Ball 200 gr,101523
101519,RTLP Cedea Salmon Fish Cake 480 gr,101519
101520,RTLP Cedea Otak-Otak Singapore 500 gr,101520
101525,RTLP Prochiz Gold 160 gr,101525
101524,RTLP Prochiz Quick Melt Slice 5s,101524
101526,RTLP Prochiz Cheddar 5s,101526
101527,Paket Munggahan 1,101527
101528,Paket Munggahan 2,101528
101529,Paket Munggahan 3,101529
101530,Paket Munggahan 4,101530
101531,Paket Munggahan 5,101531
101533,RTL Daging Sop Potong 1000 gr,101533
101534,Mixed Cut Corn Xiamen 1kg,101534
101535,Mixed Green Peas Xiamen 1kg,101535
101536,Mixed Cauliflower 1kg,101536
101538,RTL Mixed Cut Corn 500 gr,101538
101539,RTL Mixed Green Peas 500 gr,101539
101540,RTL Mixed Cauliflower 500 gr,101540
101547,RTL Brisket PE Loaf 2.8 kg,101547
101550,RTL Brisket PE Loaf 2.9 kg,101550
101545,RTL Brisket PE Loaf 3.6 kg,101545
101546,RTL Brisket PE Loaf 4.9 kg,101546
101549,RTL Brisket PE Loaf 5.2 kg,101549
101542,RTL Brisket PE Loaf 5.8 kg,101542
101543,RTL Brisket PE Loaf 6.7 kg,101543
101548,RTL Brisket PE Loaf 7.5 kg,101548
101541,RTL Brisket PE Loaf 7 kg,101541
101544,RTL Brisket PE Loaf 8.2 kg,101544
101551,RTLP MyTaste Bumbu Rawon 100 gr,101551
101552,RTLP Seafood Lovers Fish Bites 500 gr,101552
101553,RTL Head Meat 1000 gr,101553
101566,Styrofoam BBQ,101566
101555,RTL Brisket PE Loaf 1.9 kg,101555
101556,RTL Brisket PE Loaf 2.4 kg,101556
101558,RTL Brisket PE Loaf 1.8 kg,101558
101559,RTL Brisket PE Loaf 2 kg,101559
101560,RTL Brisket PE Loaf 2.2 kg,101560
101561,RTL Brisket PE Loaf 3.3 kg,101561
101562,RTL Brisket PE Loaf 2.6 kg,101562
101563,RTL Brisket PE Loaf 3.4 kg,101563
101564,RTL Brisket PE Loaf 3.9 kg,101564
101565,RTL Brisket PE Loaf 3 kg,101565
101886,RTL Brisket PE Loaf 3.1 kg,101886
101887,RTL Brisket PE Loaf 4.7 kg,101887
101554,RTL Enoki Mushroom 100 gr,101554
101575,RTLP MyTaste Bumbu Rendang 100 gr,101575
101576,RTLP Cimory UHT Milk Chocolate 250 ml,101576
101577,RTLP Cimory UHT Milk Strawberry 250 ml,101577
101578,RTLP Cimory UHT Milk Blueberry 250 ml,101578
101579,RTLP Cimory UHT Milk Banana 250 ml,101579
101580,RTLP Cimory UHT Milk Matcha 250 ml,101580
101581,RTLP Cimory UHT Milk Chocolate 125 ml,101581
101582,RTLP Cimory Yogurt Squeeze Ori 120 ml,101582
101583,RTLP Cimory Yogurt Squeeze Strawberry 120 ml,101583
101584,RTLP Cimory UHT Milk Hazelnut 250 ml,101584
101585,RTLP Cimory UHT Milk Almond 250 ml,101585
101586,RTLP Cimory UHT Milk Choco Malt 250 ml,101586
101587,RTLP Cimory Yogurt Squeeze Peach 120 ml,101587
101588,RTLP Cimory Yogurt Squeeze Mango 120 ml,101588
101589,RTLP Suri Bakso Sapi Reguler 600 gr,101589
101590,RTLP Suri Beef Cocktail Sausage 500 gr,101590
101591,RTLP Suri Sosis Bakar Jumbo 500 gr,101591
101592,RTLP Suri Sosis Bakar Mini 500 gr,101592
101593,RTLP Suri Bakso Jumbo Mozarella 400 gr,101593
101594,RTLP Suri Bakso Jumbo Rawit 400 gr,101594
101595,RTLP Suri Bakso Jumbo Urat 400 gr,101595
101600,RTLP Suri Promo Beduk (Banded),101600
101596,RTLP Gourmet Master Sosis Garlic Chorizo 500 gr,101596
101597,RTLP Gourmet Master Sosis Cheese Chorizo 500 gr,101597
101598,RTLP Gourmet Master Sosis Blackpepper Chorizo 500 gr,101598
101602,RTLP Cimory Yogurt Squeeze Blueberry 120 ml,101602
101606,RTLP Suri Bakso Jumbo Daging Cincang 400 gr,101606
101607,RTLP Mamasuka Honey Mustard 100 gr,101607
101608,RTLP Mamasuka Rumput Laut Panggang Original Bundle 2x4.5 gr,101608
101609,RTLP Mamasuka Rumput Laut Panggang Spicy Bundle 2x4.5 gr,101609
101610,RTLP Mamasuka Rumput Laut Panggang Sapi Panggang Bundle 2x4.5 gr,101610
101611,RTLP Mamasuka Delisaos Saus Japchae Original 100 gr,101611
101612,RTLP Mamasuka Delisaos Saus Toppoki Original 100 gr,101612
101613,RTLP Mamasuka Delisaos Saus Toppoki Hot Spicy 100 gr,101613
101614,RTLP Mamasuka Toppoki Spicy 134 gr,101614
101615,RTLP Mamasuka Delisaos Hot Lava 320 ml,101615
101616,RTLP Mamasuka Delisaos Hot Lava Volcano 320 ml,101616
101617,RTLP Mamasuka Gim Bori Original 30 gr,101617
101618,RTLP Mamasuka Gim Bori Spicy 30 gr,101618
101619,RTLP Mamasuka Gim Bori Pouch Original 60 gr,101619
101620,RTLP Mamasuka Gim Bori Pouch Spicy 60 gr,101620
101603,RTLP Cimory UHT Milk Full Cream 250 ml,101603
101604,RTLP Cimory UHT Milk Tiramisu 250 ml,101604
101605,RTLP Cimory Yogurt Squeeze Cavendish Banana 120 ml,101605
101621,RTLP Metzger Smoked Beef Rasher 250 gr,101621
101622,RTLP Metzger Turkey Rasher 250 gr,101622
101623,RTLP Metzger Turkey Breast Natural Smoked 100 gr,101623
101624,RTLP Metzger Pastrami 100 gr,101624
101625,RTL Metzger Wagyu Burger 200 gr,101625
101626,RTLP Metzger Salmon Rasher 100 gr,101626
101627,RTLP Metzger Wagyu Beef Frank Sausage 320 gr,101627
101628,RTLP Kanzler Singles Gochujang 48 gr,101628
101629,RTLP Kanzler Crispy Chicken Nugget 120 gr,101629
101630,RTLP Jinsung Bulgogi Marinade Sauce 500 G,101630
101631,RTLP Jinsung Kalbi Marinade Sauce 500 gr,101631
101633,RTL Yakiniku US Prime 250 gr,101633
101639,RTLP Sania Minyak Goreng Pouch 2 L,101639
101640,RTLP Lee Kum Kee Oyster Sauce Panda 510 gr,101640
101640,RTLP Lee Kum Kee Oyster Sauce Panda 510 gr,101640
101321,McCain Puree Mashed Potatoes 3x3 kg,101321
101641,RTL Shimeji Brown Mushroom 150 gr,101641
101642,RTLP KaNung Roti Konde Original Unyil 235 gram,101642
101643,RTLP KaNung Roti Konde Keju Unyil 245 gram,101643
101644,RTLP KaNung Roti Konde Cokelat Unyil 345 gram,101644
101645,RTLP KaNung Roti Konde Daging Unyil 295 gram,101645
101646,RTLP KaNung Donut Bulat Cokelat Lumer 380 gram,101646
101647,RTLP KaNung Donut Bulat Keju Lumer 380 gram,101647
101649,Chopped Spinach Leaf 1 kg,101649
101650,RTL Chopped Spinach Leaf 500 gram,101650
101652,RTLP Nicchi Bumbu Kare Ayam Pedas Sedang 100 gram,101652
101653,RTLP Nicchi Bumbu Kare Ayam Super Pedas 100 gram,101653
101654,RTLP Nicchi Bumbu Kare Ayam Tidak Pedas 100 gram,101654
101655,RTLP Nicchi Bumbu Kare Anak Anak 100 gram,101655
101656,RTLP Nicchi Bumbu Kare Sapi Pedas Sedang 100 gram,101656
101657,RTLP Nicchi Bumbu Kare Sapi Super Pedas 100 gram,101657
101658,RTLP Nicchi Bumbu Kare Sapi Tidak Pedas 100 gram,101658
101660,RTLP Cimory Yogurt Drink Strawberry 240 ml,101660
101661,RTLP Cimory Yogurt Drink Blueberry 240 ml,101661
101662,RTLP Cimory Yogurt Drink Mixed Berry 240 ml,101662
101663,RTLP Cimory Yogurt Drink Mix Fruit 240 ml,101663
101664,RTLP Cimory Yogurt Drink LowFat Straw Mango 240 ml,101664
101665,RTLP Cimory Yogurt Drink LowFat Banana 240 ml,101665
101659,RTL Slice Meltique 500 gr,101659
101675,RTL T-Bone Steak Wagyu MB 6-7 450 gr,101675
101676,RTL T-Bone Steak Wagyu MB 6-7 500 gr,101676
101677,RTL T-Bone Steak Wagyu MB 6-7 550 gr,101677
101678,RTL T-Bone Steak Wagyu MB 6-7 600 gr,101678
101679,RTL T-Bone Steak Wagyu MB 6-7 650 gr,101679
101680,RTL T-Bone Steak Wagyu MB 6-7 700 gr,101680
101681,RTL T-Bone Steak Wagyu MB 6-7 750 gr,101681
101682,RTL T-Bone Steak Wagyu MB 6-7 800 gr,101682
101666,RTL Tomahawk Steak Wagyu MB 6-7 1.0 kg,101666
101667,RTL Tomahawk Steak Wagyu MB 6-7 1.1 kg,101667
101668,RTL Tomahawk Steak Wagyu MB 6-7 1.2 kg,101668
101669,RTL Tomahawk Steak Wagyu MB 6-7 1.3 kg,101669
101670,RTL Tomahawk Steak Wagyu MB 6-7 1.4 kg,101670
101671,RTL Tomahawk Steak Wagyu MB 6-7 1.5 kg,101671
101672,RTL Tomahawk Steak Wagyu MB 6-7 1.6 kg,101672
101673,RTL Tomahawk Steak Wagyu MB 6-7 1.7 kg,101673
101674,RTL Tomahawk Steak Wagyu MB 6-7 2.0 kg,101674
101532,RTLP Prochiz Mozarella 160 gr,101532
101684,Paket Payday Sale Bakar-an,101684
101685,Paket Payday Sale Rebus-an,101685
101690,RTLP Kentang Just Fry Shoestring 450 gram,101690
101691,RTLP Kentang Just Fry Crinkle Cut 450 gram,101691
101692,RTLP Kentang Just Fry Seasoned 450 gram,101692
101693,RTL Ribeye Steak AUS 150 gr,101693
101694,RTL Ikan Shisamo 150 - 170 gr,101694
101569,RTL Brisket PE Loaf 2.3 kg,101569
101568,RTL Brisket PE Loaf 3.8 kg,101568
101567,RTL Brisket PE Loaf 2.5 kg,101567
101572,RTL Brisket PE Loaf 3.2 kg,101572
101398,RTL Sirloin US Choice Steak End Cut 300 gr,101398
101571,RTL Brisket PE Loaf 3.5 kg,101571
101574,RTL Brisket PE Loaf 4.1 kg,101574
100215,RTL Daging Sop 500 gr,100215
101695,RTL Oxtail Lokal 500 gr,101695
101696,Paket BTS 1,101696
101697,Paket BTS 2,101697
101698,Paket BTS 3,101698
101699,Paket BTS 4,101699
101704,RTL Brisket PE Loaf 3.7 kg,101704
101705,RTL Brisket PE Loaf 4.2 kg,101705
101706,RTL Brisket PE Loaf 4.6 kg,101706
101573,RTL Brisket PE Loaf 4 kg,101573
R1005571,Striploin Meltique Ryou 1000 gr,R1005571
R1005561,Striploin Meltique Ryou 400 gr,R1005561
101570,RTL Brisket PE Loaf 2.7 kg,101570
101448,Striploin US Choice Swift,101448
101740,RTLP Bonchef Square Pizza Base 225 gr,101740
101741,RTLP Bonchef Puff Pastry Sheets 750 gr,101741
101743,RTL 8 Fruitz IQF Strawberries 500 gr,101743
101744,RTL 8 Fruitz IQF Blueberries 500 gr,101744
101745,RTL 8 Fruitz IQF Diced Green Kiwi 500 gr,101745
101746,RTL 8 Fruitz IQF Strawberries & Blueberries 500 gr,101746
101747,RTL 8 Fruitz IQF Paradise Trio 500 gr,101747
101748,RTL 8 Fruitz IQF Rainbow Blend 500 gr,101748
101752,RTL Paru Slice Sapi 1000 gr,101752
101753,RTL Paru Slice Sapi 500 gr,101753
101749,RTL Daging Giling Ekonomis 1000 gr,101749
101750,RTL Daging Giling Ekonomis 500 gr,101750
101756,Saikoro Meltique Saka 250gr,101756
101758,Saikoro Meltique Saka 1000 gr,101758
101759,Saikoro Meltique Saka 500 gr,101759
101760,Tenderloin Meltique Saka 1000 gr,101760
101269,Cumi Flower,101269
101761,Ikan Salmon Fillet Atlantik,101761
101763,Ribeye Meltique Saka 1000 gr,101763
101765,Tenderloin Meltique Saka 200 gr,101765
101766,Tenderloin Meltique Saka 400 gr,101766
100815,RTL Slice AUS Shortplate 1000 gr,100815
101816,RTL Mixed Vegetables 4 Ways 100 gr,101816
101817,RTLP Kentang Marquise Shoestring 150 gr,101817
101818,RTL Daging Giling Spesial 250 gr,101818
101819,RTL Shitake Mushroom Slice 100 gr,101819
101820,RTL Mixed Paprika Slice 250 gr,101820
101722,Chuck Clod US Prime IOWA,101722
101844,RTLP Kanzler Singles Baso Hot 48 gr,101844
101846,Bundling Rendang Potong 250 gr + MyTaste Bumbu Rendang 100 gr,101846
101847,Bundling Sop Potong 300gr + MyTaste Rawon 100gr,101847
101852,Ribeye Meltique Saka 200 gr,101852
101851,Ribeye Meltique Saka 400 gr,101851
101712,Topside Wagyu MB 8-9 Diamantina,101712
101854,RTLP Elprimo Beef Breakfast Sausage 360 gr,101854
101855,RTLP Elprimo Beef Frankfurter 500 gr,101855
101856,RTLP Elprimo Beef Cheese Sausage 500 gr,101856
101857,RTLP Elprimo Chicken Cheese 360 gr,101857
101858,RTLP Elprimo Chicken Breakfast Sausage 360 gr,101858
101859,RTLP MyTaste Teriyaki Sauce 100 gr,101859
101860,RTLP MyTaste Barbeque Sauce 100 gr,101860
101861,RTLP MyTaste Blackpepper Sauce 100 gr,101861
101862,RTLP MyTaste Mushroom Sauce 100 gr,101862
101863,RTLP MyTaste Spicy Barbeque Level 3 Sauce 100 gr,101863
101634,Babat Carnemax,101634
101864,RTL Babat Sapi 1000 gr,101864
101866,Chicken Steak Meltique,101866
101869,RTL Ikan Salmon Fillet Tanpa Kulit 200 gr,101869
101870,RTL Ikan Salmon Fillet Tanpa Kulit 250 gr,101870
101871,RTL Chicken Steak 200 gr,101871
101874,RTL Hati Ayam 500 gr,101874
101875,RTL Ampela Ayam 500 gr,101875
11025,RTLP Anchor Butter Minidis Salted 7 gr,11025
10945,RTLP Anchor Butter Minidis Unsalted 7 gr,10945
101878,RTLP Gourmet Master Chicken Katsu 400 gr,101878
101879,RTLP Gourmet Master Chicken Karage 400 gr,101879
101880,RTLP Gourmet Master Chicken Pok-Pok 400 gr,101880
101883,Shortplate Split IOWA,101883
101884,Shortplate Split Nebraska,101884
101888,Meltique Mess Saka 1000 gr,101888
101889,RTLP Kanzler Frankfurter Cocktail 500 gr,101889
101890,RTL Parting Dada Ayam 500 gram,101890
101891,RTL Parting Paha Atas Ayam 500 gram,101891
101892,RTL Parting Paha Bawah Ayam 500 gram,101892
101893,RTL Parting Sayap Ayam 500 gram,101893
101894,RTL Boneless Dada Ayam 500 gr,101894
101895,RTL Boneless Paha Ayam 500 gr,101895
101896,RTL Ayam Karkas 0.7 - 0.8 kg,101896
101904,Parting Paha Atas Ayam 500 gram,101904
101905,Parting Paha Bawah Ayam 500 gram,101905
101906,Parting Sayap Ayam 500 gram,101906
101907,Parting Dada Ayam 500 gram,101907
101908,Boneless Dada Ayam 500 gram,101908
101909,Boneless Paha Ayam 500 gram,101909
101902,Bundling Sirloin Steak AUS 200gr + Kentang Marquise 150gr + Mix Vegetable 100gr,101902
101903,Bundling Sirloin Steak AUS 200gr + Kentang Marquise 150gr + Mix Vegetable 100gr + MyTaste Barbeque Sauce 100gr,101903
101911,Bundling Sirloin Steak AUS 200gr + Kentang Marquise 150gr + Mix Vegetable 100gr + MyTaste Mushroom Sauce 100gr,101911
101900,Bundling Ribeye Steak AUS 200gr + Kentang Marquise 150gr + Mix Vegetable 100gr,101900
101901,Bundling Ribeye Steak AUS 200gr + Kentang Marquise 150gr + Mix Vegetable 100gr + MyTaste Barbeque Sauce 100gr,101901
101910,Bundling Ribeye Steak AUS 200gr + Kentang Marquise 150gr + Mix Vegetable 100gr + MyTaste Mushroom Sauce 100gr,101910
101914,RTL Babat Sapi 500 gr,101914
101915,RTLP Kentang Ranch Harvest Shoestring 1 kg,101915
101917,RTLP Minyak Goreng Kita 1 L,101917
101918,Gooseneck Round Wagyu A5 Japan Miyazaki Gyu,101918
101919,RTLP Cedea Korea Odeng Original 480 gr,101919
101920,RTLP Cedea Korea Odeng Spicy 480 gr,101920
101921,RTL Karubi Wagyu MB 8-9 250 gr,101921
101922,RTL Sirloin Prime AUS Steak 180 gr,101922
101923,RTL Sirloin Prime AUS Steak 200 gr,101923
101924,RTL Sirloin Prime AUS Steak 250 gr,101924
101927,RTL Sirloin Prime AUS Steak End Cut 180 gr,101927
101928,RTL Sirloin Prime AUS Steak End Cut 200 gr,101928
101929,RTL Sirloin Prime AUS Steak End Cut 250 gr,101929
101926,Karubi Plate Wagyu MB8-9 Jack's Creek,101926
101730,Brisket PE Wagyu A5 Japan Satsuma Gyu,101730
101913,Ayam Karkas 0.7 - 0.8 kg,101913
11867,RTLF Daging Rendang Potong Fresh,11867
11868,RTLF Daging Sop / Rawon Potong Fresh,11868
101932,RTLP Karawaci Bakso Sapi Sule A1 700 gr,101932
101933,RTLP Karawaci Bakso Gepeng 500 gr,101933
101934,RTLP Karawaci Otak-Otak Ikan Panjang 500 gr,101934
101935,RTLP Karawaci Spicy Chicken Wings 500 gr,101935
101937,Pelengkap Buy 1 Get 3 [MyTaste Mushroom 100gr + Mix Vegetables 100gr + Kentang Shoestring 150gr],101937
101938,Pelengkap Buy 1 Get 3 [MyTaste Blackpepper 100gr + Mix Vegetables 100gr + Kentang Shoestring 150gr],101938
101939,Pelengkap Buy 1 Get 3 [MyTaste Barbeque 100gr + Mix Vegetables 100gr + Kentang Shoestring 150gr],101939
101941,RTL Dashmeat Sukiyaki,101941
101945,RTL Picanha Steak AUS Grade S End Cut 130 gr,101945
101954,RTLP Cedea Oriental Cartoon 200 gr,101954
101955,RTLP Cedea Chikuwa Mushroom 500 gr,101955
101958,Bundling NYE - PAXEL 1,101958
101959,Bundling NYE - PAXEL 2,101959
101960,Bundling NYE - PAXEL 3,101960
101961,Bundling NYE - PAXEL 4,101961
101962,Bundling NYE - PAXEL 5,101962
101964,RTL Slice Dada Ayam 500 gr,101964
101966,Ayam Boneless Paha Premium 1 Kg,101966
101965,Ayam Boneless Dada Premium 1 Kg,101965
101967,RTLP Miga Tokpoki + Bumbu 117 gr,101967
101429,RTL Angus Tomahawk DA21 1 Kg,101429
101433,"RTL Angus Tomahawk DA21 1,4 Kg",101433
101436,"RTL Angus Tomahawk DA21 1,7 Kg",101436
101988,RTL Emazing Ayam Goreng 700 gr,101988
101987,RTL Emazing Ayam Taliwang 700 gr,101987
101985,RTL Emazing Bebek Hitam 900 gr,101985
101984,RTL Emazing Bebek Betutu 900 gr,101984
101986,RTL Emazing Bebek Goreng 900 gr,101986
101975,RTL Nusantara Ayam Kampung Utuh 700 gr,101975
101976,RTL Nusantara Ayam Kampung Potong 8 0.9 - 1.0 kg,101976
101977,RTL Healti Ayam Probiotik & Organik Utuh 0.9 - 1.0 kg,101977
101978,RTL Healti Ayam Probiotik & Organik Utuh 0.9 - 1.0 kg - Potong 10,101978
101983,RTLP Orient Udon 200 gr,101983
101980,RTLP Totole Kaldu Jamur 40 gr,101980
101982,RTLP Totole Kaldu Jamur 80 gr,101982
101981,RTLP Totole Kaldu Jamur 200 gr,101981
101990,RTL Brisket PE Loaf 5.1 kg,101990
102002,McCain Cajun Crispers Skin Off 6x2 kg,102002
102001,RTLP Kanzler Crispy Chicken Nugget Stick 450 gr,102001
102005,RTLP Kentang McCain Crispers Cajun Seasoned 500 gr,102005
101998,RTL Slice Wagyu AUS MB 4-5 250 gr,101998
101127,Beef Patty Ryou 300 gr,101127
102007,RTLP Rose Brand Minyak Goreng Pouch 2 L,102007
102021,RTLP Kongkee Tofu Udang 140 gram,102021
102022,RTLP Kongkee Tofu Ayam 140 gram,102022
102023,RTLP Kongkee Tofu Putih 250 gram,102023
102024,RTLP Kongkee Tofu Sutra Kotak 250 gram,102024
102013,Tenderloin Meltique Steak 1000 gr,102013
102014,Tenderloin Meltique Steak 400 gr,102014
102015,Tenderloin Meltique Steak 200 gr,102015
102010,Striploin Meltique Steak 1000 gr,102010
102011,Striploin Meltique Steak 400 gr,102011
102012,Striploin Meltique Steak 200 gr,102012
102016,Ribeye Meltique Steak 1000 gr,102016
102017,Ribeye Meltique Steak 400 gr,102017
102018,Ribeye Meltique Steak 200 gr,102018
102028,RTL Slice Sirloin 250gr,102028
102009,Meltique Steak Mix Cut 1000 gr,102009
102025,[Bundling 1] Shimeji + Slice Less Fat 500 gram,102025
102026,[Bundling 2] Shimeji + Slice Sirloin 500 gram,102026
102027,[Bundling 3] Shimeji + Slice Wagyu MB 4-5 250 gram,102027
102030,RTLP Seafood Lovers Ebi Fry 180 gr,102030
102032,Knuckle Whole Meltique,102032
102035,RTLP Le Minerale Water 600 ml,102035
102041,Bundling Paket Bucin 3,102041
102019,RTL Daging Has Paha Value 1 kg,102019
11872,RTLF Daging Giling Regular Fresh,11872
102052,Ikan Dory Fillet Premium NBL 1000gr,102052
102053,Ikan Dory Fillet Premium 1000gr,102053
102054,Ikan Tuna Fillet,102054
102055,Ikan Salmon Fillet,102055
102044,RTL Sirloin AUS Steak Prime Aged 180 gr,102044
102045,RTL Sirloin AUS Steak Prime Aged 200 gr,102045
102046,RTL Sirloin AUS Steak Prime Aged 250 gr,102046
102130,RTLP Laukita Gourmet Spaghetty Aglio & Olio Chicken 300 gram,102130
102134,RTLP Laukita Gourmet Spaghetti Bolognaise 300 gram,102134
102132,RTLP Laukita Gourmet Penne Pesto Chicken 300 gram,102132
102133,RTLP Laukita Gourmet Mac & Cheese 300 gram,102133
102131,RTLP Laukita Gourmet Fettucini Carbonara 300 gram,102131
102119,RTLP Laukita Tray Oseng Mercon 175 gram,102119
102121,RTLP Laukita Tray Lidah Cabe Hijau 175 gram,102121
102116,RTLP Laukita Tray Daging Balado Limau 175 gram,102116
102122,RTLP Laukita Tray Cumi Tinta Hitam 175 gram,102122
102118,RTLP Laukita Tray Cumi Cabe Hijau 175 gram,102118
102117,RTLP Laukita Tray Cumi Asin Jontor 175 gram,102117
102123,RTLP Laukita Tray Cakalang Mercon 175 gram,102123
102120,RTLP Laukita Tray Ayam Kecombrang 175 gram,102120
102125,RTLP Laukita Nasi Goreng Kebuli 250 gram,102125
102124,RTLP Laukita Nasi Goreng Kampung 250 gram,102124
102126,RTLP Laukita Nasi Goreng Cumi Tinta Hitam 250 gram,102126
102127,RTLP Laukita Nasi Goreng Cakalang Roa 250 gram,102127
102128,RTLP Laukita Nasi Goreng Cabe Hijau 250 gram,102128
102135,RTLP Laukita Nasi Uduk Kremes 310 gram,102135
102137,RTLP Laukita Nasi Pandan Empal 310 gram,102137
102140,RTLP Laukita Nasi Orek Rendang Ayam 310 gram,102140
102136,RTLP Laukita Nasi Krawu Serundeng 310 gram,102136
102139,RTLP Laukita Nasi Cumi Cabe Ijo 310 gram,102139
102138,RTLP Laukita Nasi Cakalang Tinoransak 310 gram,102138
102147,RTLP Kanzler Beef Cocktail 1000 gr,102147
102144,RTLP Kanzler Bockwurst 1000 gr,102144
102145,RTLP Kanzler Cheese Frankfuter 1000 gr,102145
102146,RTLP Kanzler Smoked Beef 1000 gr,102146
100887,RTL Slice Brisket 250 gr,100887
102151,RTLP ABC Kecap Manis Botol 135 ml,102151
102152,RTLP ABC Kecap Manis Pouch 600 gr,102152
102158,RTL Daging Has Sapi Premium 1000 gr,102158
102159,RTLP Kentang Ranch Harvest Straight Cut 1 kg,102159
102162,RTL Topi Koki Setra Ramos Beras 5000 gr,102162
102165,RTLP Boncabe Nori Level 2 35 gr,102165
102166,RTLP Boncabe Level 50 Max End 30 gr,102166
102167,RTLP Boncabe Level 15 45 gr,102167
102168,RTLP Boncabe Level 10 45 gr,102168
102171,RTLP Kobe Tepung Serbaguna Special 200 gr,102171
102169,RTLP Kobe Tepung Kentucky Supercrispy 850 gr,102169
102170,RTLP Kobe Tepung Kentucky Supercrispy 200 gr,102170
102172,RTLP Kobe Tepung Bumbu Putih 850 gr,102172
102179,RTLP Kobe Tepung Bumbu Putih 180 gr,102179
102176,RTLP Kobe Bumbu Aduk Nasi Uduk 15 gr,102176
102174,RTLP Kobe Bumbu Aduk Nasi Rendang 15 gr,102174
102175,RTLP Kobe Bumbu Aduk Nasi Kuning 15 gr,102175
102173,RTLP Kobe Bumbu Aduk Nasi Bebek 15 gr,102173
102178,RTL Cumi Cendol 500 gr,102178
102177,Cumi Cendol,102177
102180,RTL Yakiniku Wagyu AUS MB 4-5 250 gr,102180
100001,PAKET BBQ HEMAT LARGE,100001
100002,PAKET BBQ HEMAT XTRA LARGE,100002
100003,PAKET BBQ PREMIUM,100003
100004,HAMPERS BBQ WAGYU,100004
100005,HAMPERS BBQ REGULAR,100005
100006,HAMPERS BBQ PREMIUM LARGE,100006
102196,RTL Daging Dendeng 500 gr,102196
102184,RTLP Cedea Crab Flavoured Nugget 200 gr,102184
101506,RTLP Cedea Fish Roll 200 gr,101506
200001,Kanzler Hemat 1,200001
200002,Kanzler Hemat 2,200002
200003,Kanzler Hemat 3,200003
102202,RTL Sirloin Prime AUS Steak 230 gr,102202
102203,RTLP Bogasari Tepung Terigu Segitiga Biru 1 Kg,102203
102222,RTL Topside Steak Wagyu MB 6-7 250 gr,102222
102221,RTL Topside Steak Wagyu MB 6-7 230 gr,102221
101135,[SKU Non Aktif] RTL Topside Steak Wagyu MB 6-7 400 gr,101135
100611,[SKU Non Aktif] RTL Topside Steak Wagyu MB 6-7 500 gr,100611
101450,[SKU Non Aktif] RTL Topside Steak Wagyu MB 6-7 End Cut 200 gr,101450
101136,[SKU Non Aktif] RTL Topside Steak Wagyu MB 6-7 End Cut 200 gr,101136
101451,[SKU Non Aktif] RTL Topside Steak Wagyu MB 6-7 End Cut 250 gr,101451
101133,[SKU Non Aktif] RTL Topside Steak Wagyu MB 8-9 End Cut 150 gr,101133
101452,[SKU Non Aktif] RTL Topside Steak Wagyu MB 8-9 End Cut 200 gr,101452
101453,[SKU Non Aktif] RTL Topside Steak Wagyu MB 8-9 End Cut 250 gr,101453
100200,RTL Daging Dendeng 250 gr,100200
102254,Rump Cap MSA Nolan,102254
102263,Rump Cap GFYG Nolan,102263
102266,RTLP Sasa Bumbu Kari Jepang Original 40 gr,102266
102267,RTLP Sasa Bumbu Kari Jepang Pedas 40 gr,102267
102268,RTLP Sasa Bumbu Kari Jepang Original 80 gr,102268
102269,RTLP Sasa Bumbu Kari Jepang Pedas 80 gr,102269
102271,40 CL MHS,102271
102258,Babat Putih,102258
102257,Chuckrib PPCS,102257
102261,Short Rib Bone In US Select Fourstar,102261
700001,RTLP Elprimo Bakso Sapi Super 750 gr,700001
700002,RTLP Suri Bakso Sapi Reguler 600 gr,700002
700003,RTLP Karawaci Bakso Sapi Sule A1 700 gr,700003
700004,RTLP Karawaci Bakso Gepeng 500 gr,700004
700005,RTLP Bakso Sumber Selera SB Premium 25 Pcs,700005
700006,RTLP Bakso Sumber Selera SB Premium 50 Pcs,700006
700007,RTLP Bakso Sumber Selera SB Serbaguna 25 Pcs,700007
700008,RTLP Bakso Sumber Selera SB Serbaguna 50 Pcs,700008
700009,RTLP Bakso Sumber Selera Polos 50 Pcs,700009
700010,RTLP Bakso Sumber Selera Filling Keju,700010
700011,RTLP Kibif Bakso Sapi Regular 600 gr,700011
102277,RTLP Bamboe Bumbu Bebek Ungkep Goreng 130 gr,102277
102280,RTLP Bamboe Bumbu Bulgogi 80 gr,102280
102275,RTLP Bamboe Bumbu Laksa 110 gr,102275
102278,RTLP Bamboe Bumbu Saus Lada Hitam 50 gr,102278
102276,RTLP Bamboe Bumbu Sop Konro 120 gr,102276
102279,RTLP Bamboe Bumbu Teriyaki 48 gr,102279
102285,RTL Emazing Bebek Kalio 900 gr,102285
102286,RTL Emazing Ayam Bakar 700 gr,102286
102287,RTL Emazing Ayam Woku 700 gr,102287
102224,Plastik LOCO 24x40,102224
102226,Plastik LOCO 35x55,102226
102227,Plastik LOCO 28x48,102227
102228,Plastik LOCO 40x60,102228
102238,Plastik LOCO 17x33,102238
102198,RTL Tenderloin Steak AUS 300 gr,102198
102295,RTL Ribeye AUS Steak Prime Aged 180 gr,102295
102296,RTL Ribeye AUS Steak Prime Aged 200 gr,102296
102297,RTL Ribeye AUS Steak Prime Aged 250 gr,102297
102298,RTL Tenderloin AUS Steak Prime Aged 180 gr,102298
102299,RTL Tenderloin AUS Steak Prime Aged 200 gr,102299
102300,RTL Tenderloin AUS Steak Prime Aged 250 gr,102300
102301,RTL Tenderloin AUS Steak Prime Aged 150 gr,102301
102325,RTL Bawang Bombay Slice 500 gr,102325
102319,RTLP Anchor Butter Pats Salted 200 gr,102319
102320,RTLP Anchor Butter Pats Unsalted 200 gr,102320
102339,RTLP LocalPride Sweet Potato Mixed 500 gr,102339
102337,RTL Ayam Kampung Utuh 600 gr,102337
102338,RTLP Bakso Sumber Selera Polos 25 pcs,102338
102307,RTLP Indo Pertama Crispy Seafood Deli 500 gr,102307
102305,RTLP Indo Pertama Curry Samosa 500 gr,102305
102312,RTLP Indo Pertama Kulit Lumpia 5 inch 250 gr,102312
102313,RTLP Indo Pertama Kulit Lumpia 6 inch 250 gr,102313
102314,RTLP Indo Pertama Kulit Lumpia 7.5 inch 550 gr,102314
102315,RTLP Indo Pertama Kulit Lumpia 8.5 inch 550 gr,102315
102308,RTLP Indo Pertama Seafood Spring Roll 500 gr,102308
102306,RTLP Indo Pertama Lumpia Sayur 500 gr,102306
102311,RTLP Indo Pertama Mini Pao Ayam 500 gr,102311
102310,RTLP Indo Pertama Mini Pao Coklat 500 gr,102310
102309,RTLP Indo Pertama Mini Pao Kacang Hijau 500 gr,102309
102316,RTLP Indo Pertama Tortilla IP 20 cm 500 gr,102316
102317,RTLP Indo Pertama Tortilla IP 22 cm 500 gr,102317
102303,RTLP Indo Pertama Curry Puff 500 gr,102303
102304,RTLP Indo Pertama Pangsit (Dumpling) 500 gr,102304
102342,RTLP Kuwa Chicken Collagen Hotpot 100 gram,102342
102343,RTLP Kuwa Kimchi Jigae Hotpot 100 gram,102343
102344,RTLP Kuwa Kampoeng Chicken Hotpot 100 gram,102344
102345,RTLP Kuwa Truffle Hotpot 100 gram,102345
102346,RTLP Kuwa Spicy Mala Hotpot 100 gram,102346
102347,RTLP Kuwa Mushroom Stock Hotpot 100 gram,102347
102348,RTLP Kuwa Cream Truffle 40 gram,102348
102349,RTLP Kuwa Katsuo Dashi 50 gram,102349
102353,RTL Seafood Lovers Ikan Dory Premium NBL 1000gr,102353
102354,RTL Seafood Lovers Ikan Dory Premium BL 1000gr,102354
102355,RTLP Kanzler Crispy Spicy Chicken Nugget 450 gr,102355
102341,RTL Slice Meltique 250 gr,102341
102370,RTL Tomahawk AUS Steak A 0.9 Kg,102370
102371,RTL Tomahawk AUS Steak A 1.0 Kg,102371
102372,RTL Tomahawk AUS Steak A 1.1 Kg,102372
102373,RTL Tomahawk AUS Steak A 1.2 Kg,102373
102374,RTL Tomahawk AUS Steak A 1.3 Kg,102374
102364,RTL Ikan Teri Nasi 200 gr,102364
102322,Onion Slice 1kg,102322
101222,Ikan Gindara Fillet,101222
100289,Ikan Tongkol Deho,100289
101756,Saikoro Meltique Saka 250 gr,101756
102379,KSY - RTLP Sari Roti Burger Bun 214 gr,102379
102380,KSY - RTLP Sari Roti Cream Coklat 40 gr,102380
102381,KSY - RTLP Sari Roti Cream Keju 40 gr,102381
102382,KSY - RTLP Sari Roti Dorayaki Isi Cokelat 55 gr,102382
102383,KSY - RTLP Sari Roti Isi Coklat Choco Bun 72 gr,102383
102384,KSY - RTLP Sari Roti Isi Coklat Keju Choco Cheese Bun 72 gr,102384
102385,KSY - RTLP Sari Roti Jumbo Tawar Kupas 300 gr,102385
102386,KSY - RTLP Sari Roti Jumbo Tawar Special 555 gr,102386
102387,KSY - RTLP Sari Roti Kasur Keju 174 gr,102387
102388,KSY - RTLP Sari Roti Klasik Kasur Krim Messes 185 gr,102388
102389,KSY - RTLP Sari Roti Sandwich Cokelat 46 gr,102389
102390,KSY - RTLP Sari Roti Sandwich Krim Keju 46 gr,102390
102391,KSY - RTLP Sari Roti Sandwich Pandan Sarikaya 46 gr,102391
102392,KSY - RTLP Sari Roti Sobek Coklat 214 gr,102392
102393,KSY - RTLP Sari Roti Sobek Coklat Keju 214 gr,102393
102394,KSY - RTLP Sari Roti Sobek Coklat Sarikaya 214 gr,102394
102395,KSY - RTLP Sari Roti Tawar Gandum 350 gr,102395
102396,KSY - RTLP Sari Roti Tawar Kupas 200 gr,102396
102397,KSY - RTLP Sari Roti Tawar Special 370 gr,102397
102406,RTLP Mamasuka Premium Nugget 460 gr,102406
102407,RTLP Mamasuka Premium Nugget 170 gr,102407
102408,RTLP Mamasuka Original Nugget 400 gr,102408
102409,RTLP Mamasuka Original Nugget 150 gr,102409
102410,RTLP Dasoni Busan Eomuk Original 200 gr,102410
102411,RTLP Dasoni Busan Eomuk Pedas 200 gr,102411
102412,RTLP Dasoni Busan Eomuk Original 500 gr,102412
102413,RTLP Dasoni Busan Eomuk Pedas 500 gr,102413
102414,RTLP Dasoni Busan Eomuk Original 1 kg,102414
102415,RTLP Dasoni Hotbar Original 65 gr,102415
102416,RTLP Dasoni Hotbar Sayur 65 gr,102416
102417,RTLP Dasoni Hotbar Pedas 65 gr,102417
102418,RTLP Dasoni Stick Fishcake 450 gr,102418
102419,RTLP Dasoni Eomuktang 150 gr,102419
102420,RTLP Dasoni Eopokki 160 gr,102420
102358,Slice Meltique 500 gr,102358
102357,Slice Meltique 250 gr,102357
102424,RTLP Wakayama Bumbu Tabur Keju 60 gr,102424
102425,RTLP Wakayama Bumbu Tabur Kimchi 60 gr,102425
102426,RTLP Wakayama Bumbu Tabur Truffle 60 gr,102426
102423,KSY - RTLP Sari Roti Sisir Mentega 155 gr,102423
102432,KSY - RTLP Sari Roti Tawar Milky Soft 360 gr,102432
102433,KSY - RTLP Sari Roti Jumbo Milky Soft 500 gr,102433
102445,RTL Hati Ayam 1 kg,102445
102446,RTLP Ajinomoto Chicken Gyoza 600 gr,102446
102447,RTLP Banduri Bandeng Isi Tanpa Duri 200 gr,102447
102448,RTL Banduri Bandeng Tanpa Duri 300 gr,102448
102449,RTLP Begok Ayam Goreng Premium 500 gr,102449
102450,RTLP Begok Bebek Goreng Premium 500 gr,102450
102451,RTLP Del Monte Extra Hot 135 ml,102451
102452,RTLP Del Monte Extra Hot 330 ml,102452
102453,RTLP Del Monte Saus Spaghetti Pouch 250 gr,102453
102454,RTLP Del Monte Tomato 330 ml,102454
102455,RTLP Del Monte Tomato 135 ml,102455
102456,RTLP Del Monte Maestro Mustard 245 gr,102456
102457,RTLP Enak Eco Bumbu Sate Ayam 185 gr,102457
102458,RTLP Enak Eco Bumbu Sate Daging 185 gr,102458
102459,RTLP Enak Eco Gado-Gado Extra 185 gr,102459
102460,RTLP Enak Eco Pecel Extra Pedas 185 gr,102460
102461,RTLP Enak Eco Pecel Extra Sedang 185 gr,102461
102462,RTLP Enak Eco Pengempuk Daging 100 gr,102462
102463,RTLP Fiesta Cheesy Lover 400 gr,102463
102464,RTLP Fiesta Chicken Pok Pok 400 gr,102464
102465,RTLP Fiesta Crispy Crunch 300 gr,102465
102466,RTLP Fiesta Fried Chicken 400 gr,102466
102467,RTLP Fiesta Gyoza 180 gr,102467
102468,RTLP Fiesta Karage 400 gr,102468
102469,RTLP Fiesta Nugget 400 gr,102469
102470,RTLP Fiesta Nugget Dino 400 gr,102470
102471,RTLP Fiesta Ready To Go Sosis Original 65 gr,102471
102472,RTLP Fiesta Ready To Go Siomay Ayam 54 gr,102472
102473,RTLP Fiesta Siomay Ayam 180 gr,102473
102474,RTLP Fiesta Spicy Chick 400 gr,102474
102475,RTLP Fiesta Spicy Karage 400 gr,102475
102476,RTLP Fiesta Spicy Wing 400 gr,102476
102477,RTLP Fiesta Stikie 400 gr,102477
102478,RTLP Omayo Barbeque Sauce 250 gr,102478
102479,RTLP Omayo Blackpepper Sauce 250 gr,102479
102480,RTLP Omayo Mushroom Sauce 500 gr,102480
102481,RTLP Omayo Teriyaki Sauce 250 gr,102481
102482,RTLP Omayo Yakiniku Sauce 250 gr,102482
102436,RTL Oxtail Lokal Premium 500 gr,102436
555551,Bundling Merdeka Steak,555551
555552,Bundling Merdeka Ayam,555552
555553,Bundling Merdeka Seafood,555553
102437,RTL Lamb Shank 500 gr,102437
101202,RTL Slice Ekonomis Less Fat 250 gr,101202
102020,RTL Daging Has Paha Value 500 gr,102020
102499,RTL Chicken Saikoro 250 gr,102499
102497,RTL Zeitagyu Saikoro Wagyu 250 gr,102497
102498,RTL Zeitagyu Saikoro Wagyu 500 gr,102498
100983222,RTL Ribeye Steak AUS 200 gr,100983222
102545,RTL Slice Ekonomis Fatty 250 gr,102545
102422,RTL Daging Paha Ayam Giling 500 gr,102422
102493,Hati Ayam 1 kg,102493
102496,Saikoro Chicken Meltique 250 gr,102496
102495,Zeitagyu Saikoro Wagyu 500 gr,102495
102494,Zeitagyu Saikoro Wagyu 250 gr,102494
800001,Bundling Sirloin Meltique 200gr + Kentang Shoestring 150gr + Mix Vegetable 100gr + Anchor Minidish Unsalted 7gr + MyTaste Blackpepper 100gr,800001
800002,Bundling Sirloin Meltique 200gr + Kentang Shoestring 150gr + Mix Vegetable 100gr + Anchor Minidish Unsalted 7gr + MyTaste Barbeque 100gr,800002
800003,Bundling Sirloin Meltique 200gr + Kentang Shoestring 150gr + Mix Vegetable 100gr + Anchor Minidish Unsalted 7gr + MyTaste Mushroom 100gr,800003
800004,Bundling Ribeye Meltique 200gr + Kentang Shoestring 150gr + Mix Vegetable 100gr + Anchor Minidish Unsalted 7gr + MyTaste Blackpepper 100gr,800004
800005,Bundling Ribeye Meltique 200gr + Kentang Shoestring 150gr + Mix Vegetable 100gr + Anchor Minidish Unsalted 7gr + MyTaste Barbeque 100gr,800005
800006,Bundling Ribeye Meltique 200gr + Kentang Shoestring 150gr + Mix Vegetable 100gr + Anchor Minidish Unsalted 7gr + MyTaste Mushroom 100gr,800006
800007,Bundling Tenderloin Meltique 200gr + Kentang Shoestring 150gr + Mix Vegetable 100gr + Anchor Minidish Unsalted 7gr + MyTaste Blackpepper 100gr,800007
800008,Bundling Tenderloin Meltique 200gr + Kentang Shoestring 150gr + Mix Vegetable 100gr + Anchor Minidish Unsalted 7gr + MyTaste Barbeque 100gr,800008
800009,Bundling Tenderloin Meltique 200gr + Kentang Shoestring 150gr + Mix Vegetable 100gr + Anchor Minidish Unsalted 7gr + MyTaste Mushroom 100gr,800009
102609,RTL Allana 11B FQ Chunks Trays 450gr,102609
102610,RTL Allana 2246 FQ Ribeye Steak 350gr,102610
102608,RTL Allana 11 FQ Slice Trays 900gr,102608
102611,RTL Allana 2247 FQ Sirloin Steak 350gr,102611
102612,RTL Allana 272 FQ Boneless Short Ribs Trays 450gr,102612
102613,RTL Allana 3243 FQ Ribeye Slice 1kg,102613
102614,RTL Allana 3244 FQ Sirloin Slice 1kg,102614
102615,RTL Allana 7243 FQ Ribeye Slice 200gr,102615
102731,RTL T-Bone Steak AUS 350 gr,102731
102535,RTL T-Bone Steak AUS 400 gr,102535
102536,RTL T-Bone Steak AUS 430 gr,102536
102537,RTL T-Bone Steak AUS 450 gr,102537
102538,RTL T-Bone Steak AUS 480 gr,102538
102539,RTL T-Bone Steak AUS 500 gr,102539
102540,RTL T-Bone Steak AUS 530 gr,102540
102541,RTL T-Bone Steak AUS 550 gr,102541
102542,RTL T-Bone Steak AUS 580 gr,102542
102543,RTL T-Bone Steak AUS 600 gr,102543
101409222,RTL Ayam Karkas 0.6 - 0.7 kg,101409222
101033,RTL Sirloin Steak AUS WA10 200 gr,101033
101090,RTL Sirloin Steak AUS WA10 250 gr,101090
100603,RTL CST Slice Brisket Astro 250 gr,100603
100209,RTL CST Slice AUS Shortplate Value Astro 250 gr,100209
102632,RTL Seafood Lovers Ikan Dory Portion BL 400gr,102632
102633,RTL Seafood Lovers Ikan Dory Individual Pack NBL 300gr,102633
102619,RTLP ABC Sambal Asli Pedas 135 ml,102619
102620,RTLP ABC Sambal Asli Pedas 335 ml,102620
102366,RTL Daging Giling Spesial SB 1000 gr,102366
102618,RTL Daging Giling Spesial Wagyu 500 gr,102618
102658,RTLP Begok Ayam Bakar Premium 500 gr,102658
102659,RTLP Begok Bebek Bakar Premium 500 gr,102659
102680,RTL Allana 11 FQ Slice Trays 1kg,102680
102681,RTL Allana 11B FQ Chunks Trays 500gr,102681
102727,KSY - RTLP Sari Roti Soft Cake Pisang Ijo 65 gr,102727
800010,Paket Shabu,800010
800011,Paket Grill,800011
800012,Paket Shabu-Grill,800012
800013,Paket Shabu-Grill XL,800013
102741,Paket Shabu Non PPN,102741
102742,Paket Shabu PPN,102742
102743,Paket Grill Non PPN,102743
102744,Paket Grill PPN,102744
102745,Paket Shabu-Grill Non PPN,102745
102746,Paket Shabu-Grill PPN,102746
102747,Paket Shabu-Grill XL Non PPN,102747
102748,Paket Shabu-Grill XL PPN,102748
102739,RTLP Boss Kibif Promo Bundling,102739
102777,RTLP Java Superfood Rice Paper Bulat 200 gr,102777
102778,RTLP Golden Farm Edamame Original 450 gr,102778
102779,RTLP Golden Farm Edamame Salted 450 gr,102779
102780,RTLP Hydro Coco Air Kelapa Kemasan 330 ml,102780
102781,RTLP Hydro Coco Air Kelapa Kemasan 1 L,102781
102182,RTLP Cedea Fish Dumpling Cheese 200 gr,102182
102183,RTLP Cedea Fish Dumpling Chicken 200 gr,102183
101953,RTLP Cedea Bakso Duo Twister 500 gr,101953
102184,RTLP Cedea Flower Twister 500 gr,102184
101954,RTLP Cedea Steamboat Set 300 gr,101954
102185,RTLP Cedea Otak-Otak Singapore 200 gr,102185
102784,RTLP Teman Laut Baso Ikan 200 gr,102784
102783,RTLP Teman Laut Baso Ikan 500 gr,102783
102786,RTLP Teman Laut Baso Udang 200 gr,102786
102785,RTLP Teman Laut Baso Udang 500 gr,102785
102794,RTLP Teman Laut Scallop Ikan 200 gr,102794
102787,RTLP Teman Laut Scallop Ikan 500 gr,102787
102793,RTLP Lee Kum Kee Promo Bundling,102793
102795,Paket Bundling Ribeye Prime Aged Non PPN,102795
102796,Paket Bundling Ribeye Prime Aged PPN,102796
102797,Paket Bundling Sirloin Prime Aged Non PPN,102797
102798,Paket Bundling Sirloin Prime Aged PPN,102798
810001,Paket Bundling Ribeye Prime Aged,810001
810002,Paket Bundling Sirloin Prime Aged,810002
102807,RTLP Roti Senja Burger Isi 6 Pcs 50gr,102807
102808,RTLP Roti Senja Hotdog Isi 6 Pcs 50gr,102808
102577,RTL CST Beef Teriyaki Astro 500 gr,102577
102753,RTL CST Brisket Bone Astro 1000 gr,102753
102579,RTL CST Daging Dendeng Astro 500 gr,102579
102507,RTL CST Daging Empal Astro 500 gr,102507
102402,RTL CST Daging Giling Astro 500 gr,102402
102501,RTL CST Daging Giling Reguler Astro 500 gr,102501
102403,RTL CST Daging Lean Shabu Astro 250 gr,102403
102506,RTL CST Daging Oseng Astro 250 gr,102506
102603,RTL CST Daging Rendang Potong PF 1000 gr,102603
102505,RTL CST Daging Semur Potong Astro 500 gr,102505
102504,RTL CST Daging Shank Astro 500 gr,102504
102578,RTL CST Daging Sop Potong Astro 500 gr,102578
102576,RTL CST Hati Sapi Astro 250 gr,102576
100225,RTL CST Hati Sapi PF 500 gr,100225
102756,RTL CST Konro Besar Astro 500 gr,102756
102755,RTL CST Lidah Bistik Astro 250 gr,102755
102575,RTL CST Lidah Slice Astro 250 gr,102575
102754,RTL CST Meltique Mess Astro 1000 gr,102754
101232,RTL CST Neck Bone Astro 500 gr,101232
102356,RTL CST Oxtail Astro 500 gr,102356
101233,RTL CST Oxtail Lokal Premium PF 500 gr,101233
102503,RTL CST Rendang Potong Astro 500 gr,102503
100540,RTL CST Ribeye Meltique Astro 200 gr,100540
100208,RTL CST Saikoro Meltique Astro 500 gr,100208
101350,RTL CST Short Rib Kecil PF 500 gr,101350
102635,RTL CST Slice AUS Shortplate Astro 250 gr,102635
100209,RTL CST Slice AUS Shortplate Value Astro 250 gr,100209
100603,RTL CST Slice Brisket Astro 250 gr,100603
102752,RTL CST Slice Brisket Astro 500 gr,102752
102801,RTL CST Slice Ekonomis Fatty Astro 250 gr,102801
102802,RTL CST Slice Ekonomis Fatty Astro 500 gr,102802
100930,RTL CST Slice Ekonomis Fatty PF 500 gr,100930
102800,RTL CST Slice Ekonomis Less Fat Astro 500 gr,102800
102804,RTL CST Slice Meltique Astro 250 gr,102804
102803,RTL CST Slice Meltique Astro 500 gr,102803
102806,RTL CST Slice Sirloin Astro 250 gr,102806
102805,RTL CST Slice Sirloin Astro 500 gr,102805
102502,RTL CST Slice Teriyaki Astro 250 gr,102502
102581,RTL CST Slice US Shortplate Astro 500 gr,102581
100935,RTL CST Striploin Meltique Astro 200 gr,100935
100205,RTL CST Tenderloin Meltique Astro 200 gr,100205
102771,RTLP Richeese Flying Chicken Tempura 500 gr,102771
102772,RTLP Richeese Nugget Crunchy Bubble 250 gr,102772
102770,RTLP Richeese Nugget Crunchy Bubble 500 gr,102770
102773,RTLP Richeese Nugget Classic Recipe 250 gr,102773
102774,RTLP Richeese Shoestring Batter Coated 450 gr,102774
102775,RTLP Richeese Shoestring Batter Coated 900 gr,102775
102776,RTLP Richeese Smoked Bratwurst 360 gr,102776
101224,[FREE GOODS] RTLP Mamasuka Mayonnaise 100gr,101224
102647,RTL Slice Value 250 gr,102647
102648,RTL Slice Value 500 gr,102648
102819,RTLP Diamond Juice Orange UHT 200 ml,102819
102820,RTLP Diamond Juice Guava UHT 200 ml,102820
102821,RTLP Diamond Juice Apple UHT 200 ml,102821
102822,RTLP Diamond Juice Blueberry UHT 200 ml,102822
102823,RTLP Diamond Juice Cranberry UHT 200 ml,102823
102824,RTLP Diamond Juice Orange UHT 1 L,102824
102825,RTLP Diamond Juice Apple UHT 1 L,102825
102762,RTLP Mamasuka Crunchy Nugget 150 gr,102762
102763,RTLP Mamasuka Crunchy Nugget 400 gr,102763
102857,RTL Mixed California Capcay 1 kg,102857
102856,RTL Mixed California Capcay 500 gr,102856
610001,Paket Bundling Munggahan A,610001
610002,Paket Bundling Munggahan B,610002
610003,Paket Bundling Munggahan C,610003
103123,RTL Mixed Vegetables 4 Ways 1000 gr,103123
100889,RTL Daging Semur Ekonomis 1000 gr,100889
103081,RTLP Kebab King Mozarella 350 gr,103081
103078,RTLP Kebab King Ori Panjang Tomat 350 gr,103078
103079,RTLP Kebab King Ori Sedang 350 gr,103079
103080,RTLP Kebab King Saos Cabe 350 gr,103080
103138,RTLP Surifood Paket Sayang,103138
103139,RTLP Surifood Paket Sikat,103139
103140,RTLP Surifood Paket Sarasehan,103140
103141,RTLP Surifood Paket Santap,103141
103155,RTLP Cooking Master Frozen Spice Diced Onion 500 gr,103155
103156,RTLP Cooking Master Frozen Spice Diced Garlic 500 gr,103156
103158,Paket Hampers Lebaran BBQ Regular Non PPN,103158
103159,Paket Hampers Lebaran BBQ Regular PPN,103159
103160,Paket Hampers Lebaran BBQ Wagyu Non PPN,103160
103161,Paket Hampers Lebaran BBQ Wagyu PPN,103161
610004,Paket Hampers Lebaran BBQ Regular,610004
610005,Paket Hampers Lebaran BBQ Wagyu,610005
103171,RTLP Nikmat Beef Cooked Salami 250 gr,103171
103172,RTLP Nikmat Beef Pastrami 250 gr,103172
103173,RTLP Nikmat Beef Pepperoni 250 gr,103173
103174,RTLP Nikmat Beef Smoked Brisket 250 gr,103174
103175,RTLP Nikmat Chicken Pastrami 250 gr,103175
103204,RTLP Sreeya Parting Ayam Marinasi 1 kg,103204
103205,RTLP Sreeya Parting Ayam Sayap Marinasi 1 kg,103205
103157,RTLP ABC Kecap Manis Botol 130 ml,103157
102090,RTL CST Daging Giling Special OSV 250 gr,102090
102091,RTL CST Hati Sapi OSV 250 gr,102091
101349,RTL CST Slice Ekonomis Less Fat OSV 250 gr,101349
103124,RTLP Mamasuka Chicken Wings Cheese Buldak 200 gr,103124
103125,RTLP Mamasuka Chicken Wings Korean Buldak 200 gr,103125
102839,RTLP Kingfish Chikuwa 500 gr,102839
102840,RTLP Kingfish Chikuwa Long 500 gr,102840
102837,RTLP Kingfish Crab Claw (Imitation) 450 gr,102837
102836,RTLP Kingfish Crab Claw With Original Claw 450 gr,102836
102835,RTLP Kingfish Crab Stick 450 gr,102835
102842,RTLP Kingfish Seafood Tofu 500 gr,102842
102833,RTLP Kingfish Shrimp Tail Size Medium 450 gr,102833
103126,RTLP Mamasuka Chicken Wings Sweet & Spicy 200 gr,103126
103201,CST Neckbone WT,103201
103200,CST Oxtail WT,103200
103202,CST Shortrib WT,103202
103218,RTLP Richeese Nugget Crunchy Bubble 125 gr,103218
900001,RICHEESE Deals - Crispy Crumb 500gr FREE Crispy Crumb 125 gr,900001
900002,RICHEESE Deals - Chicken Tempura 500gr FREE Crispy Crumb 125 gr,900002
102612,RTL Allana 272 FQ Boneless Short Ribs Trays 450gr,102612
103239,RTL Black Angus 1953 Boneless Shortrib Yakiniku 250 gr,103239
103240,RTL Black Angus 1953 Brisket Slice 250 gr,103240
103241,RTL Black Angus 1953 Karubi Yakiniku 250 gr,103241
103242,RTL Black Angus 1953 Oyster Blade Steak 130 gr,103242
103243,RTL Black Angus 1953 Oyster Blade Steak 150 gr,103243
103244,RTL Black Angus 1953 Ribeye Steak 200 gr,103244
103245,RTL Black Angus 1953 Ribeye Steak 230 gr,103245
103246,RTL Black Angus 1953 Ribeye Steak 250 gr,103246
103247,RTL Black Angus 1953 Sirloin Steak 200 gr,103247
103249,RTL Black Angus 1953 Tenderloin Steak 130 gr,103249
103250,RTL Black Angus 1953 Tenderloin Steak 150 gr,103250
103352,RTL Black Angus 1953 Sirloin Steak 250 gr,103352
103353,RTL Black Angus 1953 Sirloin Steak 230 gr,103353
11874,RTLF Daging Sengkel Potong Fresh,11874
103330,RTLP Kibif Bockwurst Blackpepper 310 gr,103330
103198,RTLP Kibif Bockwurst Keju 310 gr,103198
103329,RTLP Kibif Bockwurst Original 310 gr,103329
103341,RTLP Mamasuka Gim Bori Original 25 gr,103341
103342,RTLP Mamasuka Gim Bori Spicy 25 gr,103342
103343,RTLP Mamasuka Gim Bori Pouch Original 50 gr,103343
103344,RTLP Mamasuka Gim Bori Pouch Spicy 50 gr,103344
103364,RTL Black Angus 1953 Flank Steak 300 gr,103364
103363,RTL Black Angus 1953 Flank Steak 350 gr,103363
103362,RTL Black Angus 1953 Flank Steak 400 gr,103362
103248,RTL Black Angus 1953 Flank Steak 450 gr,103248
103354,RTL Black Angus 1953 Flank Steak 500 gr,103354
103355,RTL Black Angus 1953 Flank Steak 550 gr,103355
103358,RTL Black Angus 1953 Flank Steak 600 gr,103358
103359,RTL Black Angus 1953 Flank Steak 650 gr,103359
103360,RTL Black Angus 1953 Flank Steak 700 gr,103360
103361,RTL Black Angus 1953 Flank Steak 750 gr,103361
102252,Plastik Karton Besar,102252
102253,Plastik Karton Kecil,102253
103345,RTL Tulang Rangu Sapi 500 gr,103345
103256,RTLP Belfoods Ayam Goreng Renyah 500 gr,103256
103262,RTLP Belfoods Chicken Nugget 500 gr,103262
103265,RTLP Belfoods Chicken Nugget Ceria 500 gr,103265
103271,RTLP Belfoods Chicken Stick 500 gr,103271
103276,RTLP Belfoods Crunchy Nugget 500 gr,103276
103279,RTLP Belfoods Kentang Goreng Shoestring 500 gr,103279
103282,RTLP Belfoods Sosis Ayam SP 200 gr,103282
103283,RTLP Belfoods Spicy Wing 500 gr,103283
103296,RTLP Royal Crispy Karaage 500 gr,103296
103299,RTLP Royal Golden Fillet 250 gr,103299
103300,RTLP Royal Golden Fillet 500 gr,103300
103305,RTLP Royal Nugget S 470 gr,103305
103304,RTLP Royal Nugget S 250 gr,103304
103281,RTLP Belfoods Sosis Ayam Cocktail 190 gr,103281
103280,RTLP Belfoods Sosis Ayam Cocktail 400 gr,103280
103278,RTLP Belfoods Kentang Goreng Shoestring 175 gr,103278
103272,RTLP Belfoods Cornflakes Nugget 120 gr,103272
103273,RTLP Belfoods Cornflakes Nugget 450 gr,103273
103275,RTLP Belfoods Crunchy Nugget 140 gr,103275
103266,RTLP Belfoods Chicken Nugget Safari 450 gr,103266
103269,RTLP Belfoods Chicken Stick 170 gr,103269
103270,RTLP Belfoods Chicken Stick 250 gr,103270
103263,RTLP Belfoods Chicken Nugget Ceria 170 gr,103263
103257,RTLP Belfoods Ayam Goreng Renyah Pedaaaz 500 gr,103257
103258,RTLP Belfoods Baso Ayam SP 100 gr,103258
103284,RTLP Belfoods Spicy Wings 160 gr,103284
103285,RTLP Belfoods Stick Crunchy Nugget 120 gr,103285
103286,RTLP Belfoods Stick Crunchy Nugget 450 gr,103286
103308,RTLP Uenaaak Bakso Umm 500 gr,103308
103309,RTLP Uenaaak Baso Ayam Mini Umm 500 gr,103309
103310,RTLP Uenaaak Belfoods Kornet Ayam 450 gr,103310
103327,RTLP Uenaaak Chicken Stick 500 gr,103327
103314,RTLP Uenaaak Nugget Coin 500 gr,103314
103315,RTLP Uenaaak Nugget S 1000 gr,103315
103316,RTLP Uenaaak Nugget S 250 gr,103316
103317,RTLP Uenaaak Nugget S 500 gr,103317
103318,RTLP Uenaaak Polll 500gr 500 gr,103318
103319,RTLP Uenaaak Sosis Ayam 345 gr,103319
103320,RTLP Uenaaak Sosis Ayam 475 gr,103320
103321,RTLP Uenaaak Sosis Ayam 70 gr,103321
103323,RTLP Uenaaak Sosis Ayam 950 gr,103323
103328,RTLP Uenaaak Sosis Ayam 950 gr (40+1),103328
103324,RTLP Uenaaak Sosis Ayam Bakar Rasa Sapi 500 gr,103324
103325,RTLP Uenaaak Sosis Bakar 475 gr,103325
103288,RTLP Bonanza Bakso Sapi AB 10 500 gr,103288
103291,RTLP Bonanza Bakso Sapi Gold 500 gr,103291
103292,RTLP Royal Beef Frankfurter Sausage 200 gr,103292
103294,RTLP Royal Cheese Frankfurter Sausage 200 gr,103294
103295,RTLP Royal Cordon Bleu 250 gr,103295
103303,RTLP Royal Nugget Drummies 470 gr,103303
103306,RTLP Royal Nugget Stick 470 gr,103306
103307,RTLP Royal Smoked Chicken Sausage 200 gr,103307
103212,RTLP Suri Chicken Nugget 1000 gr,103212
103211,RTLP Suri Chicken Nugget 250 gr,103211
103350,RTL Sumo Hijau Beras 5 kg,103350
103349,RTL Sumo Merah Beras 5 kg,103349
